Element,Transition,Theoretical_eV,Experimental_eV
Ne,KL 1,817.69,
Ne,KL 2,849.09,848.61
Ne,KL 3,849.17,848.61
Ne,KM 1,857.89,1
Ne,KM 2,857.89,1
Ne,KM 3,857.89,1
Ne,KM 4,857.89,1
Ne,KM 5,857.89,1
Ne,K edge,870.73,866.9001
Ne,L 1 edge,53.04,48.445
Ne,L 2 edge,21.63,21.661
Ne,L 3 edge,21.55,21.564
Na,KL 1,1004.99,
Na,KL 2,1041.77,1040.98
Na,KL 3,1041.94,1040.98
Na,KM 1,1073.0,1071.12
Na,KM 2,1071.12,1
Na,KM 3,1071.12,1
Na,KM 4,1071.12,1
Na,KM 5,1071.12,1
Na,K edge,1080.15,1071.68
Na,L 1 M 1,68.0,
Na,L 1 edge,75.16,63.57
Na,L 2 M 1,31.3,
Na,L 2 edge,38.38,30.61
Na,L 3 M 1,31.09,
Na,L 3 edge,38.21,30.61
Mg,KL 1,1211.54,
Mg,KL 2,1254.14,1253.437
Mg,KL 3,1254.39,1253.688
Mg,KM 1,1303.5,1302.20
Mg,KM 2,1302.20,1
Mg,KM 3,1302.20,1
Mg,KM 4,1302.20,1
Mg,KM 5,1302.20,1
Mg,K edge,1312.30,1303.403
Mg,L 1 M 1,92.0,
Mg,L 1 edge,100.75,62.839
Mg,L 2 M 1,49.4,
Mg,L 2 edge,58.16,49.732
Mg,L 3 M 1,49.14,
Mg,L 3 edge,57.90,49.454
Al,KL 1,1438.94,
Al,KL 2,1487.12,1486.295
Al,KL 3,1487.53,1486.708
Al,KM 1,1556.63,1557.57
Al,KM 2,1561.28,1557.57
Al,KM 3,1557.57,1
Al,KM 4,1557.57,1
Al,KM 5,1557.57,1
Al,K edge,1569.56,1559.893
Al,L 1 M 1,117.7,
Al,L 1 M 2,122.3,
Al,L 1 edge,130.62,87.005
Al,L 2 M 1,69.5,
Al,L 2 M 2,74.2,
Al,L 2 edge,82.44,72.760
Al,L 3 M 1,69.1,
Al,L 3 M 2,73.7,
Al,L 3 edge,82.03,72.760
Si,KL 1,1686.54,
Si,KL 2,1739.67,1739.394
Si,KL 3,1741.16,1739.985
Si,KM 1,1834.97,1835.96
Si,KM 2,1841.79,1835.96
Si,KM 3,1835.96,1
Si,KM 4,1835.96,1
Si,KM 5,1835.96,1
Si,K edge,1850.26,1840.05
Si,L 1 M 1,148.42,
Si,L 1 M 2,155.24,
Si,L 1 edge,163.72,149.80
Si,L 2 M 1,95.3,
Si,L 2 M 2,102.11,
Si,L 2 edge,110.59,100.8
Si,L 3 M 1,93.81,
Si,L 3 M 2,100.63,
Si,L 3 edge,109.10,100.8
P,KL 1,1954.45,
P,KL 2,2013.14,2012.70
P,KL 3,2014.73,2013.68
P,KM 1,2136.1,2139.1
P,KM 2,2143.79,2139.1
P,KM 3,2140.82,2139.1
P,KM 4,2139.1,1
P,KM 5,2139.1,1
P,K edge,2154.24,2143.54
P,L 1 M 1,181.7,
P,L 1 M 2,189.34,
P,L 1 M 3,186.4,
P,L 1 edge,199.79,189.0
P,L 2 M 1,123.0,
P,L 2 M 2,130.65,
P,L 2 M 3,127.7,
P,L 2 edge,141.10,131.9
P,L 3 M 1,121.41,
P,L 3 M 2,129.07,
P,L 3 M 3,126.1,
P,L 3 edge,139.51,131.9
S,KL 1,2242.56,
S,KL 2,2307.01,2306.700
S,KL 3,2308.80,2307.885
S,KM 1,2460.1,
S,KM 2,2469.73,
S,KM 3,2467.53,2464.07
S,K edge,2481.71,2470.506
S,L 1 M 1,217.5,
S,L 1 M 2,227.17,
S,L 1 M 3,224.96,
S,L 1 edge,239.15,
S,L 2 M 1,153.1,148.66
S,L 2 M 2,162.72,
S,L 2 M 3,160.52,
S,L 2 edge,174.70,163.60
S,L 3 M 1,151.29,148.66
S,L 3 M 2,160.93,
S,L 3 M 3,158.73,
S,L 3 edge,172.91,163.820
Cl,KL 1,2550.96,
Cl,KL 2,2621.27,2620.846
Cl,KL 3,2623.67,2622.440
Cl,KM 1,2807.0,2815.60
Cl,KM 2,2819.04,2815.60
Cl,KM 3,2817.58,2815.60
Cl,KM 4,2815.60,1
Cl,KM 5,2815.60,1
Cl,K edge,2832.76,2819.639
Cl,L 1 M 1,256.0,
Cl,L 1 M 2,268.08,
Cl,L 1 M 3,266.62,
Cl,L 1 edge,281.80,270.0
Cl,L 2 M 1,185.7,184.14
Cl,L 2 M 2,197.77,
Cl,L 2 M 3,196.31,
Cl,L 2 edge,211.49,202.0
Cl,L 3 M 1,183.31,182.60
Cl,L 3 M 2,195.37,
Cl,L 3 M 3,193.91,
Cl,L 3 edge,209.09,200.0
K,KL 1,3229.98,
K,KL 2,3311.97,3311.1956
K,KL 3,3314.60,3313.9476
K,KM 1,3575.0,
K,KM 2,3591.78,3589.63
K,KM 3,3591.49,3589.63
K,KM 4,3602.78,1
K,KM 5,3602.78,1
K,KN 1,3611.14,
K,K edge,3616.22,3607.81
K,L 1 M 1,345.0,
K,L 1 M 2,361.81,
K,L 1 M 3,361.52,
K,L 1 N 1,381.16,
K,L 1 edge,386.25,378.60
K,L 2 M 1,263.0,262.45
K,L 2 M 2,279.81,
K,L 2 M 3,279.52,
K,L 2 N 1,299.17,
K,L 2 edge,304.25,294.5
K,L 3 M 1,260.38,259.703
K,L 3 M 2,277.18,
K,L 3 M 3,276.90,
K,L 3 N 1,296.54,
K,L 3 edge,301.62,294.5
Ca,KL 1,3598.89,
Ca,KL 2,3687.56,3688.128
Ca,KL 3,3690.98,3691.719
Ca,KM 1,3993.8,
Ca,KM 2,4014.32,4012.76
Ca,KM 3,4014.68,4012.76
Ca,KM 4,4032.47,1
Ca,KM 5,4032.47,1
Ca,KN 1,4043.20,
Ca,K edge,4049.35,4038.12
Ca,L 1 M 1,394.9,
Ca,L 1 M 2,415.43,
Ca,L 1 M 3,415.80,
Ca,L 1 N 1,444.32,
Ca,L 1 edge,450.46,438.50
Ca,L 2 M 1,306.2,306.43
Ca,L 2 M 2,326.76,
Ca,L 2 M 3,327.12,
Ca,L 2 M 4,344.97,1
Ca,L 2 N 1,355.64,
Ca,L 2 edge,361.79,352.92
Ca,L 3 M 1,302.80,302.69
Ca,L 3 M 2,323.34,
Ca,L 3 M 3,323.71,
Ca,L 3 M 4,341.27,1
Ca,L 3 M 5,341.27,1
Ca,L 3 N 1,352.23,
Ca,L 3 edge,358.37,349.34
Ti,KL 1,4404.59,
Ti,KL 2,4504.07,4504.9201
Ti,KL 3,4510.38,4510.8991
Ti,KM 1,4907.1,
Ti,KM 2,4930.86,4931.827
Ti,KM 3,4934.46,4931.827
Ti,KM 4,4965.95,4962.27
Ti,KM 5,4962.27,1
Ti,KN 1,4971.09,
Ti,K edge,4977.92,4964.58
Ti,L 1 M 1,502.5,
Ti,L 1 M 2,526.3,
Ti,L 1 M 3,529.9,
Ti,L 1 M 4,561.36,
Ti,L 1 N 1,566.50,
Ti,L 1 edge,573.33,561.05
Ti,L 2 M 1,403.0,401.37
Ti,L 2 M 2,426.8,
Ti,L 2 M 3,430.4,
Ti,L 2 M 4,461.88,458.35
Ti,L 2 N 1,467.03,
Ti,L 2 edge,473.85,454.31
Ti,L 3 M 1,396.7,395.35
Ti,L 3 M 2,420.5,
Ti,L 3 M 3,424.1,
Ti,L 3 M 4,455.57,452.16
Ti,L 3 M 5,452.16,1
Ti,L 3 N 1,460.72,
Ti,L 3 edge,467.55,454.31
V,KL 1,4838.50,
V,KL 2,4943.59,4944.671
V,KL 3,4951.79,4952.216
V,KM 1,5399.3,
V,KM 2,5424.42,5427.320
V,KM 3,5430.00,5427.320
V,KM 4,5465.33,5462.96
V,KM 5,5462.96,1
V,KN 1,5471.17,
V,K edge,5478.28,5463.757
V,L 1 M 1,560.8,
V,L 1 M 2,585.9,585.1
V,L 1 M 3,591.5,585.1
V,L 1 M 4,626.83,
V,L 1 N 1,632.67,
V,L 1 edge,639.78,626.86
V,L 2 M 1,455.7,453.48
V,L 2 M 2,480.8,
V,L 2 M 3,486.4,
V,L 2 M 4,521.74,519.2
V,L 2 N 1,527.58,
V,L 2 edge,534.69,519.72
V,L 3 M 1,447.5,446.46
V,L 3 M 2,472.6,
V,L 3 M 3,478.2,
V,L 3 M 4,513.54,511.27
V,L 3 M 5,511.27,1
V,L 3 N 1,519.38,
V,L 3 edge,526.50,512.21
Cr,KL 1,5293.35,
Cr,KL 2,5404.06,5405.5384
Cr,KL 3,5413.88,5414.8045
Cr,KM 1,5914.2,
Cr,KM 2,5940.74,5946.823
Cr,KM 3,5947.10,5946.823
Cr,KM 4,5986.82,5986.97
Cr,KM 5,5990.83,5986.97
Cr,KN 1,5989.03,
Cr,K edge,5995.66,5989.017
Cr,L 1 M 1,620.9,
Cr,L 1 M 2,647.4,653.9
Cr,L 1 M 3,653.8,653.9
Cr,L 1 M 4,693.47,
Cr,L 1 M 5,697.48,
Cr,L 1 N 1,695.68,
Cr,L 1 edge,702.31,742.4
Cr,L 2 M 1,510.2,510.22
Cr,L 2 M 2,536.7,
Cr,L 2 M 3,543.0,
Cr,L 2 M 4,582.76,582.90
Cr,L 2 M 5,586.76,
Cr,L 2 N 1,584.96,
Cr,L 2 edge,591.60,692.6
Cr,L 3 M 1,500.3,500.33
Cr,L 3 M 2,526.9,
Cr,L 3 M 3,533.2,
Cr,L 3 M 4,572.94,572.9
Cr,L 3 M 5,576.95,572.9
Cr,L 3 N 1,575.15,
Cr,L 3 edge,581.78,598.9
Mn,KL 1,5769.18,
Mn,KL 2,5886.20,5887.6859
Mn,KL 3,5898.10,5898.8010
Mn,KM 1,6455.7,
Mn,KM 2,6485.39,6490.585
Mn,KM 3,6492.7,6490.585
Mn,KM 4,6537.52,6535.36
Mn,KM 5,6538.54,6535.36
Mn,KN 1,6544.46,
Mn,K edge,6552.12,6537.667
Mn,L 1 M 1,686.5,
Mn,L 1 M 2,716.2,721.2
Mn,L 1 M 3,723.5,721.2
Mn,L 1 M 4,768.34,
Mn,L 1 M 5,769.36,
Mn,L 1 N 1,775.27,
Mn,L 1 edge,782.94,769.48
Mn,L 2 M 1,569.5,567.42
Mn,L 2 M 2,599.2,
Mn,L 2 M 3,606.5,
Mn,L 2 M 4,651.32,648.8
Mn,L 2 M 5,652.34,
Mn,L 2 N 1,658.26,
Mn,L 2 edge,665.92,649.88
Mn,L 3 M 1,557.6,556.22
Mn,L 3 M 2,587.3,
Mn,L 3 M 3,594.6,
Mn,L 3 M 4,639.42,637.44
Mn,L 3 M 5,640.44,637.44
Mn,L 3 N 1,646.36,
Mn,L 3 edge,654.02,638.89
Fe,KL 1,6266.07,
Fe,KL 2,6389.51,6391.0264
Fe,KL 3,6403.13,6404.0062
Fe,KM 1,7020.2,
Fe,KM 2,7053.23,7058.175
Fe,KM 3,7059.9,7058.175
Fe,KM 4,7110.59,7108.26
Fe,KM 5,7111.50,7108.26
Fe,KN 1,7117.93,
Fe,K edge,7125.87,7110.747
Fe,L 1 M 1,754.1,
Fe,L 1 M 2,787.2,792.2
Fe,L 1 M 3,793.8,792.2
Fe,L 1 M 4,844.52,
Fe,L 1 M 5,845.44,
Fe,L 1 N 1,851.86,
Fe,L 1 edge,859.80,848.6
Fe,L 2 M 1,630.6,627.8
Fe,L 2 M 2,663.7,
Fe,L 2 M 3,670.4,
Fe,L 2 M 4,721.07,718.32
Fe,L 2 M 5,721.99,
Fe,L 2 N 1,728.41,
Fe,L 2 edge,736.35,720.74
Fe,L 3 M 1,617.0,615.30
Fe,L 3 M 2,650.1,
Fe,L 3 M 3,656.8,
Fe,L 3 M 4,707.46,704.8
Fe,L 3 M 5,708.38,704.8
Fe,L 3 N 1,714.80,
Fe,L 3 edge,722.74,707.46
Co,KL 1,6784.08,
Co,KL 2,6914.08,6915.5380
Co,KL 3,6929.63,6930.3780
Co,KM 1,7609.0,
Co,KM 2,7645.5,7649.445
Co,KM 3,7651.5,7649.445
Co,KM 4,7708.35,7705.98
Co,KM 5,7709.15,7705.98
Co,KN 1,7716.05,
Co,K edge,7724.26,7708.776
Co,L 1 M 1,824.9,
Co,L 1 M 2,861.4,866.4
Co,L 1 M 3,867.4,866.4
Co,L 1 M 4,924.27,
Co,L 1 M 5,925.07,
Co,L 1 N 1,931.97,
Co,L 1 edge,940.18,925.26
Co,L 2 M 1,694.9,693.8
Co,L 2 M 2,731.5,
Co,L 2 M 3,737.4,
Co,L 2 M 4,794.27,791.41
Co,L 2 M 5,795.08,
Co,L 2 N 1,801.98,
Co,L 2 edge,810.18,793.84
Co,L 3 M 1,679.3,677.80
Co,L 3 M 2,715.9,
Co,L 3 M 3,721.9,
Co,L 3 M 4,778.71,776.25
Co,L 3 M 5,779.52,776.25
Co,L 3 N 1,786.42,
Co,L 3 edge,794.62,779.03
Ni,KL 1,7323.29,
Ni,KL 2,7459.96,7461.0343
Ni,KL 3,7477.72,7478.2521
Ni,KM 1,8222.2,
Ni,KM 2,8262.4,8264.775
Ni,KM 3,8267.6,8264.775
Ni,KM 4,8330.91,8328.68
Ni,KM 5,8331.59,8328.68
Ni,KN 1,8338.94,
Ni,K edge,8347.42,8331.486
Ni,L 1 M 1,898.9,
Ni,L 1 M 2,939.1,940.7
Ni,L 1 M 3,944.3,940.7
Ni,L 1 M 4,1007.62,
Ni,L 1 M 5,1008.30,
Ni,L 1 N 1,1015.65,
Ni,L 1 edge,1024.13,1008.4
Ni,L 2 M 1,762.2,762.0
Ni,L 2 M 2,802.4,
Ni,L 2 M 3,807.6,
Ni,L 2 M 4,870.95,868.77
Ni,L 2 M 5,871.63,
Ni,L 2 N 1,878.98,
Ni,L 2 edge,887.46,870.54
Ni,L 3 M 1,744.5,742.72
Ni,L 3 M 2,784.7,
Ni,L 3 M 3,789.9,
Ni,L 3 M 4,853.19,851.47
Ni,L 3 M 5,853.87,851.47
Ni,L 3 N 1,861.23,
Ni,L 3 edge,869.70,853.58
Cu,KL 1,7884.83,
Cu,KL 2,8028.38,8027.8416
Cu,KL 3,8048.11,8047.8227
Cu,KM 1,8859.8,
Cu,KM 2,8904.0,8905.413
Cu,KM 3,8906.9,8905.413
Cu,KM 4,8977.49,8977.14
Cu,KM 5,8977.82,8977.14
Cu,KN 1,8980.22,
Cu,K edge,8987.96,8980.476
Cu,L 1 M 1,975.0,
Cu,L 1 M 2,1019.1,1022.79
Cu,L 1 M 3,1022.0,1022.79
Cu,L 1 M 4,1092.7,
Cu,L 1 M 5,1093.0,
Cu,L 1 N 1,1095.39,
Cu,L 1 edge,1103.12,1098.0
Cu,L 2 M 1,831.4,832.1
Cu,L 2 M 2,875.6,
Cu,L 2 M 3,878.5,
Cu,L 2 M 4,949.11,949.84
Cu,L 2 M 5,949.44,
Cu,L 2 N 1,951.84,
Cu,L 2 edge,959.58,952.68
Cu,L 3 M 1,811.7,811.08
Cu,L 3 M 2,855.8,
Cu,L 3 M 3,858.8,
Cu,L 3 M 4,929.38,929.68
Cu,L 3 M 5,929.71,929.68
Cu,L 3 N 1,932.11,
Cu,L 3 edge,939.85,933.04
Zn,KL 1,8465.23,
Zn,KL 2,8616.22,8615.823
Zn,KL 3,8639.10,8638.906
Zn,KM 1,9522.7,
Zn,KM 2,9570.8,9572.03
Zn,KM 3,9573.6,9572.03
Zn,KM 4,9650.97,9649.9
Zn,KM 5,9651.31,9649.9
Zn,KN 1,9659.54,
Zn,KN 2,9658.05,1
Zn,KN 3,9658.05,1
Zn,K edge,9668.55,9660.755
Zn,L 1 M 1,1057.5,
Zn,L 1 M 2,1105.6,1107.0
Zn,L 1 M 3,1108.4,1107.0
Zn,L 1 M 4,1185.7,
Zn,L 1 M 5,1186.1,
Zn,L 1 N 1,1194.31,
Zn,L 1 edge,1203.31,949.3
Zn,L 2 M 1,906.5,906.3
Zn,L 2 M 2,954.6,
Zn,L 2 M 3,957.4,
Zn,L 2 M 4,1034.76,1034.65
Zn,L 2 M 5,1035.10,
Zn,L 2 N 1,1043.33,
Zn,L 2 edge,1052.33,1045.21
Zn,L 3 M 1,883.6,884.3
Zn,L 3 M 2,931.7,
Zn,L 3 M 3,934.5,
Zn,L 3 M 4,1011.87,1011.77
Zn,L 3 M 5,1012.21,1011.77
Zn,L 3 N 1,1020.44,
Zn,L 3 edge,1029.45,1022.03
Ga,KL 1,9067.89,
Ga,KL 2,9225.10,9224.835
Ga,KL 3,9251.89,9251.674
Ga,KM 1,10210.4,
Ga,KM 2,10261.8,10260.28
Ga,KM 3,10265.8,10264.19
Ga,KM 4,10349.92,10348.2
Ga,KM 5,10350.49,10348.2
Ga,KN 1,10365.69,
Ga,KN 2,10370.50,10366.42
Ga,KN 3,10366.42,1
Ga,K edge,10377.76,10368.1
Ga,L 1 M 1,1142.5,
Ga,L 1 M 2,1193.9,1196.9
Ga,L 1 M 3,1197.9,1196.9
Ga,L 1 M 4,1282.0,
Ga,L 1 M 5,1282.6,
Ga,L 1 N 1,1297.80,
Ga,L 1 N 2,1302.61,
Ga,L 1 edge,1309.87,1302.7
Ga,L 2 M 1,985.3,984.22
Ga,L 2 M 2,1036.7,
Ga,L 2 M 3,1040.7,
Ga,L 2 M 4,1124.82,1124.76
Ga,L 2 M 5,1125.39,
Ga,L 2 N 1,1140.59,
Ga,L 2 N 2,1145.40,
Ga,L 2 edge,1152.66,1145.02
Ga,L 3 M 1,958.5,957.17
Ga,L 3 M 2,1009.9,
Ga,L 3 M 3,1013.9,
Ga,L 3 M 4,1098.03,1097.97
Ga,L 3 M 5,1098.59,1097.97
Ga,L 3 N 1,1113.79,
Ga,L 3 N 2,1118.61,
Ga,L 3 edge,1125.86,1116.96
Ge,KL 1,9692.08,
Ge,KL 2,9855.67,9855.42
Ge,KL 3,9886.67,9886.52
Ge,KM 1,10924.0,
Ge,KM 2,10979.4,10978.1
Ge,KM 3,10984.0,10982.19
Ge,KM 4,11074.59,11074.8
Ge,KM 5,11075.33,11074.8
Ge,KN 1,11098.72,
Ge,KN 2,11105.84,11100.97
Ge,KN 3,11100.97,1
Ge,K edge,11113.82,11103.76
Ge,L 1 M 1,1231.9,
Ge,L 1 M 2,1287.3,1286.12
Ge,L 1 M 3,1292.0,1294.04
Ge,L 1 M 4,1382.5,
Ge,L 1 M 5,1383.2,
Ge,L 1 N 1,1406.6,
Ge,L 1 N 2,1413.76,
Ge,L 1 edge,1421.74,1413.23
Ge,L 2 M 1,1068.3,1067.98
Ge,L 2 M 2,1123.7,
Ge,L 2 M 3,1128.4,
Ge,L 2 M 4,1218.91,1218.50
Ge,L 2 M 5,1219.65,
Ge,L 2 N 1,1243.05,
Ge,L 2 N 2,1250.17,
Ge,L 2 edge,1258.15,1249.32
Ge,L 3 M 1,1037.3,1036.21
Ge,L 3 M 2,1092.7,
Ge,L 3 M 3,1097.4,
Ge,L 3 M 4,1187.91,1188.01
Ge,L 3 M 5,1188.66,1188.01
Ge,L 3 N 1,1212.05,
Ge,L 3 N 2,1219.17,
Ge,L 3 edge,1227.15,1217.06
As,KL 1,10336.70,
As,KL 2,10507.84,10507.50
As,KL 3,10543.48,10543.2674
As,KM 1,11663.0,
As,KM 2,11721.6,11719.86
As,KM 3,11727.1,11725.73
As,KM 4,11825.05,11821.4
As,KM 5,11825.89,11821.4
As,KN 1,11858.67,
As,KN 2,11867.94,11864.34
As,KN 3,11866.38,11864.34
As,K edge,11876.74,11864.3
As,L 1 M 1,1326.3,
As,L 1 M 2,1384.9,1388.54
As,L 1 M 3,1390.4,1388.54
As,L 1 M 4,1488.3,
As,L 1 M 5,1489.2,
As,L 1 N 1,1522.0,
As,L 1 N 2,1531.2,
As,L 1 N 3,1529.68,
As,L 1 edge,1540.04,1529.32
As,L 2 M 1,1155.2,1155.04
As,L 2 M 2,1213.8,
As,L 2 M 3,1219.3,
As,L 2 M 4,1317.21,1316.99
As,L 2 M 5,1318.06,
As,L 2 N 1,1350.84,
As,L 2 N 2,1360.10,
As,L 2 N 3,1358.54,
As,L 2 edge,1368.90,1358.71
As,L 3 M 1,1119.5,1119.78
As,L 3 M 2,1178.1,
As,L 3 M 3,1183.7,
As,L 3 M 4,1281.56,1282.01
As,L 3 M 5,1282.41,1282.01
As,L 3 N 1,1315.19,
As,L 3 N 2,1324.46,
As,L 3 N 3,1322.90,
As,L 3 edge,1333.26,1323.61
Se,KL 1,11003.49,
Se,KL 2,11181.82,11181.53
Se,KL 3,11222.55,11222.52
Se,KM 1,12427.9,
Se,KM 2,12490.3,12489.73
Se,KM 3,12496.5,12496.03
Se,KM 4,12601.47,12596.0
Se,KM 5,12602.42,12596.0
Se,KN 1,12645.7,
Se,KN 2,12656.38,12652.29
Se,KN 3,12655.11,12652.29
Se,K edge,12666.72,12654.61
Se,L 1 M 1,1424.4,
Se,L 1 M 2,1486.8,1490.0
Se,L 1 M 3,1493.0,1490.0
Se,L 1 M 4,1598.0,
Se,L 1 M 5,1598.9,
Se,L 1 N 1,1642.2,
Se,L 1 N 2,1652.9,
Se,L 1 N 3,1651.62,
Se,L 1 edge,1663.23,1652.44
Se,L 2 M 1,1246.0,1244.55
Se,L 2 M 2,1308.4,
Se,L 2 M 3,1314.7,
Se,L 2 M 4,1419.65,1419.24
Se,L 2 M 5,1420.60,
Se,L 2 N 1,1463.9,
Se,L 2 N 2,1474.55,
Se,L 2 N 3,1473.29,
Se,L 2 edge,1484.90,1474.75
Se,L 3 M 1,1205.3,1204.41
Se,L 3 M 2,1267.7,
Se,L 3 M 3,1273.9,
Se,L 3 M 4,1378.92,1379.11
Se,L 3 M 5,1379.88,1379.11
Se,L 3 N 1,1423.1,
Se,L 3 N 2,1433.83,
Se,L 3 N 3,1432.57,
Se,L 3 edge,1444.18,1433.98
Br,KL 1,11692.04,
Br,KL 2,11877.69,11877.75
Br,KL 3,11924.02,11924.36
Br,KM 1,13218.6,
Br,KM 2,13284.8,13284.7
Br,KM 3,13292.1,13291.56
Br,KM 4,13403.97,13396.3
Br,KM 5,13405.04,13396.3
Br,KN 1,13459.8,
Br,KN 2,13471.50,13469.60
Br,KN 3,13470.84,13469.60
Br,K edge,13483.86,13470.5
Br,L 1 M 1,1526.5,
Br,L 1 M 2,1592.8,1596.3
Br,L 1 M 3,1600.0,1596.3
Br,L 1 M 4,1711.9,
Br,L 1 M 5,1713.0,
Br,L 1 N 1,1767.8,
Br,L 1 N 2,1779.5,
Br,L 1 N 3,1778.79,
Br,L 1 edge,1791.81,1781.6
Br,L 2 M 1,1340.9,1339.63
Br,L 2 M 2,1407.2,
Br,L 2 M 3,1414.4,
Br,L 2 M 4,1526.28,1525.92
Br,L 2 M 5,1527.35,
Br,L 2 N 1,1582.1,
Br,L 2 N 2,1593.81,
Br,L 2 N 3,1593.15,
Br,L 2 edge,1606.17,1599.2
Br,L 3 M 1,1294.5,1293.50
Br,L 3 M 2,1360.8,
Br,L 3 M 3,1368.1,
Br,L 3 M 4,1479.95,1480.46
Br,L 3 M 5,1481.02,1480.46
Br,L 3 N 1,1535.8,
Br,L 3 N 2,1547.49,
Br,L 3 N 3,1546.82,
Br,L 3 edge,1559.84,1552.9
Kr,KL 1,12402.57,
Kr,KL 2,12595.58,12595.424
Kr,KL 3,12648.00,12648.002
Kr,KM 1,14034.9,
Kr,KM 2,14105.7,14104.96
Kr,KM 3,14113.3,14112.815
Kr,KM 4,14232.63,14237.7
Kr,KM 5,14233.88,14237.7
Kr,KN 1,14301.2,
Kr,KN 2,14313.43,14315.0
Kr,KN 3,14314.10,14315.0
Kr,KN 4,14328.2,1
Kr,KN 5,14328.2,1
Kr,K edge,14328.06,14324.61
Kr,L 1 M 1,1632.4,
Kr,L 1 M 2,1703.1,1697.5
Kr,L 1 M 3,1710.7,1706.8
Kr,L 1 M 4,1830.1,
Kr,L 1 M 5,1831.3,
Kr,L 1 N 1,1898.7,
Kr,L 1 N 2,1910.9,
Kr,L 1 N 3,1911.5,
Kr,L 1 edge,1925.49,1916.3
Kr,L 2 M 1,1439.4,
Kr,L 2 M 2,1510.1,
Kr,L 2 M 3,1517.7,
Kr,L 2 M 4,1637.05,1636.876
Kr,L 2 M 5,1638.30,
Kr,L 2 N 1,1705.7,1703.3
Kr,L 2 N 2,1717.86,
Kr,L 2 N 3,1718.52,
Kr,L 2 edge,1732.49,1729.66
Kr,L 3 M 1,1386.9,
Kr,L 3 M 2,1457.7,
Kr,L 3 M 3,1465.3,
Kr,L 3 M 4,1584.63,1585.411
Kr,L 3 M 5,1585.88,1585.411
Kr,L 3 N 1,1653.2,1650.9
Kr,L 3 N 2,1665.43,
Kr,L 3 N 3,1666.09,
Kr,L 3 edge,1680.06,1677.25
Rb,KL 1,13135.18,
Rb,KL 2,13335.75,13335.88
Rb,KL 3,13395.05,13395.49
Rb,KM 1,14878.6,
Rb,KM 2,14952.7,14951.86
Rb,KM 3,14961.6,14961.42
Rb,KM 4,15088.21,15084.8
Rb,KM 5,15089.65,15084.8
Rb,KN 1,15166.8,
Rb,KN 2,15185.59,15185.54
Rb,KN 3,15186.55,15185.54
Rb,KN 4,15205.1,1
Rb,KN 5,15205.1,1
Rb,K edge,15207.74,15202.5
Rb,L 1 M 1,1743.4,
Rb,L 1 M 2,1817.6,1817.74
Rb,L 1 M 3,1826.4,1826.60
Rb,L 1 M 4,1953.0,
Rb,L 1 M 5,1954.5,
Rb,L 1 N 1,2031.6,
Rb,L 1 N 2,2050.4,2050.72
Rb,L 1 N 3,2051.4,2050.72
Rb,L 1 edge,2072.55,2063.6
Rb,L 2 M 1,1542.9,1541.78
Rb,L 2 M 2,1617.0,
Rb,L 2 M 3,1625.9,
Rb,L 2 M 4,1752.46,1752.18
Rb,L 2 M 5,1753.90,
Rb,L 2 N 1,1831.0,1835.33
Rb,L 2 N 2,1849.84,
Rb,L 2 N 3,1850.79,
Rb,L 2 edge,1871.98,1866.08
Rb,L 3 M 1,1483.6,1482.40
Rb,L 3 M 2,1557.7,
Rb,L 3 M 3,1566.6,
Rb,L 3 M 4,1693.16,1692.57
Rb,L 3 M 5,1694.60,1694.141
Rb,L 3 N 1,1771.7,1775.18
Rb,L 3 N 2,1790.54,
Rb,L 3 N 3,1791.50,
Rb,L 3 edge,1812.69,1806.80
Sr,KL 1,13889.75,
Sr,KL 2,14098.01,14098.03
Sr,KL 3,14164.80,14165.20
Sr,KM 1,15748.1,
Sr,KM 2,15826.2,15825.17
Sr,KM 3,15836.3,15835.89
Sr,KM 4,15970.20,15968.9
Sr,KM 5,15971.90,15968.9
Sr,KN 1,16068.8,
Sr,KN 2,16085.68,16084.68
Sr,KN 3,16086.84,16084.68
Sr,KN 4,16103.9,1
Sr,KN 5,16103.9,1
Sr,K edge,16115.26,16107.2
Sr,L 1 M 1,1858.4,
Sr,L 1 M 2,1936.4,1936.44
Sr,L 1 M 3,1946.6,1947.20
Sr,L 1 M 4,2080.5,
Sr,L 1 M 5,2082.2,
Sr,L 1 N 1,2179.0,
Sr,L 1 N 2,2195.9,2196.52
Sr,L 1 N 3,2197.1,2196.52
Sr,L 1 edge,2225.51,2217.1
Sr,L 2 M 1,1650.1,1649.337
Sr,L 2 M 2,1728.1,
Sr,L 2 M 3,1738.3,
Sr,L 2 M 4,1872.19,1871.74
Sr,L 2 M 5,1873.88,
Sr,L 2 N 1,1970.7,1969.19
Sr,L 2 N 2,1987.67,
Sr,L 2 N 3,1988.82,
Sr,L 2 edge,2017.25,2008.46
Sr,L 3 M 1,1583.3,1582.174
Sr,L 3 M 2,1661.4,
Sr,L 3 M 3,1671.5,
Sr,L 3 M 4,1805.40,1804.77
Sr,L 3 M 5,1807.10,1806.585
Sr,L 3 N 1,1904.0,1901.83
Sr,L 3 N 2,1920.88,
Sr,L 3 N 3,1922.04,
Sr,L 3 edge,1950.46,1941.17
Y,KL 1,14667.13,
Y,KL 2,14883.00,14882.94
Y,KL 3,14958.14,14958.54
Y,KM 1,16644.7,
Y,KM 2,16726.8,16725.9
Y,KM 3,16738.4,16738.08
Y,KM 4,16879.20,16879.8
Y,KM 5,16881.39,16879.8
Y,KN 1,16994.8,
Y,KN 2,17012.08,17015.6
Y,KN 3,17015.30,17015.6
Y,KN 4,17040.90,17036.2
Y,KN 5,17036.2,1
Y,K edge,17047.90,17036.612
Y,L 1 M 1,1977.5,
Y,L 1 M 2,2059.6,2059.99
Y,L 1 M 3,2071.3,2072.17
Y,L 1 M 4,2212.1,
Y,L 1 M 5,2214.3,
Y,L 1 N 1,2327.7,
Y,L 1 N 2,2345.0,2346.82
Y,L 1 N 3,2348.2,2346.82
Y,L 1 N 4,2373.8,
Y,L 1 edge,2380.76,2376.5
Y,L 2 M 1,1761.7,1760.96
Y,L 2 M 2,1843.8,
Y,L 2 M 3,1855.4,
Y,L 2 M 4,1996.20,1995.85
Y,L 2 M 5,1998.39,
Y,L 2 N 1,2111.8,2110.19
Y,L 2 N 2,2129.08,
Y,L 2 N 3,2132.30,
Y,L 2 N 4,2157.90,
Y,L 2 edge,2164.89,2153.97
Y,L 3 M 1,1686.5,1685.39
Y,L 3 M 2,1768.6,
Y,L 3 M 3,1780.3,
Y,L 3 M 4,1921.07,1920.48
Y,L 3 M 5,1923.26,1922.564
Y,L 3 N 1,2036.7,2034.43
Y,L 3 N 2,2053.95,
Y,L 3 N 3,2057.16,
Y,L 3 N 4,2082.77,
Y,L 3 edge,2089.76,2079.54
Zr,KL 1,15467.0,
Zr,KL 2,15690.61,15690.645
Zr,KL 3,15774.87,15774.914
Zr,KM 1,17568.0,
Zr,KM 2,17654.1,17652.628
Zr,KM 3,17667.4,17666.578
Zr,KM 4,17815.21,17816.1
Zr,KM 5,17817.98,17816.1
Zr,KN 1,17948.5,
Zr,KN 2,17966.67,17970.3
Zr,KN 3,17971.47,17970.3
Zr,KN 4,18000.09,17994.3
Zr,KN 5,17994.3,1
Zr,K edge,18008.15,17995.872
Zr,L 1 M 1,2101.0,
Zr,L 1 M 2,2187.1,2187.714
Zr,L 1 M 3,2200.4,2201.063
Zr,L 1 M 4,2348.2,
Zr,L 1 M 5,2350.9,
Zr,L 1 N 1,2481.5,
Zr,L 1 N 2,2499.6,2502.87
Zr,L 1 N 3,2504.4,2502.87
Zr,L 1 N 4,2533.0,
Zr,L 1 edge,2541.10,2541.1
Zr,L 2 M 1,1877.4,1876.56
Zr,L 2 M 2,1963.5,
Zr,L 2 M 3,1976.8,
Zr,L 2 M 4,2124.59,2124.394
Zr,L 2 M 5,2127.36,
Zr,L 2 N 1,2257.9,2255.17
Zr,L 2 N 2,2276.06,
Zr,L 2 N 3,2280.86,
Zr,L 2 N 4,2309.48,2302.66
Zr,L 2 edge,2317.53,2305.36
Zr,L 3 M 1,1793.2,1792.111
Zr,L 3 M 2,1879.2,
Zr,L 3 M 3,1892.6,
Zr,L 3 M 4,2040.34,2040.19
Zr,L 3 M 5,2043.11,2042.489
Zr,L 3 N 1,2173.7,2171.28
Zr,L 3 N 2,2191.80,
Zr,L 3 N 3,2196.60,
Zr,L 3 N 4,2225.22,2219.40
Zr,L 3 N 5,2219.40,1
Zr,L 3 edge,2233.28,2222.30
Nb,KL 1,16290.1,
Nb,KL 2,16521.35,16521.28
Nb,KL 3,16615.65,16615.16
Nb,KM 1,18518.9,
Nb,KM 2,18608.8,18606.5
Nb,KM 3,18624.0,18622.68
Nb,KM 4,18778.45,
Nb,KM 5,18782.22,
Nb,KN 1,18930.5,
Nb,KN 2,18948.34,18952.9
Nb,KN 3,18955.56,18952.9
Nb,KN 4,18985.99,18981.3
Nb,KN 5,18981.3,1
Nb,K edge,18990.67,18982.961
Nb,L 1 M 1,2228.7,
Nb,L 1 M 2,2318.7,2319.38
Nb,L 1 M 3,2333.9,2334.80
Nb,L 1 M 4,2488.3,
Nb,L 1 M 5,2492.1,
Nb,L 1 N 1,2640.4,
Nb,L 1 N 2,2658.2,2663.88
Nb,L 1 N 3,2665.4,2663.88
Nb,L 1 N 4,2695.8,
Nb,L 1 edge,2700.53,2710.0
Nb,L 2 M 1,1997.5,1996.21
Nb,L 2 M 2,2087.5,
Nb,L 2 M 3,2102.7,
Nb,L 2 M 4,2257.11,2257.38
Nb,L 2 M 5,2260.88,
Nb,L 2 N 1,2409.2,2406.63
Nb,L 2 N 2,2426.99,
Nb,L 2 N 3,2434.21,
Nb,L 2 N 4,2464.64,2461.87
Nb,L 2 edge,2469.32,2464.37
Nb,L 3 M 1,1903.2,1902.27
Nb,L 3 M 2,1993.2,
Nb,L 3 M 3,2008.4,
Nb,L 3 M 4,2162.80,2163.02
Nb,L 3 M 5,2166.57,2165.89
Nb,L 3 N 1,2314.8,2312.54
Nb,L 3 N 2,2332.68,
Nb,L 3 N 3,2339.90,
Nb,L 3 N 4,2370.34,2367.02
Nb,L 3 N 5,2367.02,1
Nb,L 3 edge,2375.01,2370.60
Mo,KL 1,17135.0,
Mo,KL 2,17374.18,17374.29
Mo,KL 3,17479.10,17479.372
Mo,KM 1,19495.8,
Mo,KM 2,19589.9,19590.25
Mo,KM 3,19607.1,19608.34
Mo,KM 4,19768.70,19771.4
Mo,KM 5,19772.81,19776.4
Mo,KN 1,19940.3,
Mo,KN 2,19960.0,19965.27
Mo,KN 3,19967.16,19965.27
Mo,KN 4,20000.73,19996.8
Mo,KN 5,19999.84,19996.8
Mo,K edge,20008.81,20000.351
Mo,L 1 M 1,2360.9,
Mo,L 1 M 2,2454.9,2455.68
Mo,L 1 M 3,2472.1,2473.07
Mo,L 1 M 4,2633.7,
Mo,L 1 M 5,2637.8,
Mo,L 1 N 1,2805.3,
Mo,L 1 N 2,2825.1,2830.65
Mo,L 1 N 3,2832.2,2830.65
Mo,L 1 N 4,2865.8,
Mo,L 1 N 5,2864.87,
Mo,L 1 edge,2873.84,2880.6
Mo,L 2 M 1,2121.7,2120.26
Mo,L 2 M 2,2215.7,
Mo,L 2 M 3,2232.9,
Mo,L 2 M 4,2394.52,2394.831
Mo,L 2 M 5,2398.63,
Mo,L 2 N 1,2566.1,2563.26
Mo,L 2 N 2,2585.9,
Mo,L 2 N 3,2592.98,
Mo,L 2 N 4,2626.55,2623.52
Mo,L 2 N 5,2625.66,
Mo,L 2 edge,2634.63,2627.30
Mo,L 3 M 1,2016.7,2015.71
Mo,L 3 M 2,2110.8,
Mo,L 3 M 3,2128.0,
Mo,L 3 M 4,2289.60,2289.875
Mo,L 3 M 5,2293.71,2293.187
Mo,L 3 N 1,2461.2,2455.68
Mo,L 3 N 2,2480.9,
Mo,L 3 N 3,2488.06,
Mo,L 3 N 4,2521.63,2518.33
Mo,L 3 N 5,2520.74,2518.33
Mo,L 3 edge,2529.71,2523.56
Tc,KL 1,18003.8,
Tc,KL 2,18251.28,18250.9
Tc,KL 3,18367.56,18367.2
Tc,KM 1,20501.2,
Tc,KM 2,20599.4,20599.2
Tc,KM 3,20618.7,20619.0
Tc,KM 4,20787.80,
Tc,KM 5,20792.02,
Tc,KN 1,20977.3,
Tc,KN 2,20999.2,21005.4
Tc,KN 3,21006.03,21005.4
Tc,KN 4,21042.72,
Tc,KN 5,21043.05,
Tc,K edge,21050.47,21047.49
Tc,L 1 M 1,2497.4,
Tc,L 1 M 2,2595.6,
Tc,L 1 M 3,2614.9,0
Tc,L 1 M 4,2784.0,
Tc,L 1 M 5,2788.2,
Tc,L 1 N 1,2973.4,
Tc,L 1 N 2,2995.4,
Tc,L 1 N 3,3002.2,
Tc,L 1 N 4,3038.9,
Tc,L 1 N 5,3039.2,
Tc,L 1 edge,3046.63,3055.3
Tc,L 2 M 1,2249.9,
Tc,L 2 M 2,2348.2,
Tc,L 2 M 3,2367.5,
Tc,L 2 M 4,2536.52,2536.83
Tc,L 2 M 5,2540.74,
Tc,L 2 N 1,2726.0,
Tc,L 2 N 2,2747.9,
Tc,L 2 N 3,2754.75,
Tc,L 2 N 4,2791.44,
Tc,L 2 N 5,2791.77,
Tc,L 2 edge,2799.19,2794.91
Tc,L 3 M 1,2133.6,
Tc,L 3 M 2,2231.9,
Tc,L 3 M 3,2251.2,
Tc,L 3 M 4,2420.24,
Tc,L 3 M 5,2424.46,2423.99
Tc,L 3 N 1,2609.7,
Tc,L 3 N 2,2631.7,
Tc,L 3 N 3,2638.46,
Tc,L 3 N 4,2675.15,
Tc,L 3 N 5,2675.49,
Tc,L 3 edge,2682.91,2677.80
Ru,KL 1,18895.0,
Ru,KL 2,19150.67,19150.49
Ru,KL 3,19279.51,19279.16
Ru,KM 1,21533.3,
Ru,KM 2,21635.7,21634.65
Ru,KM 3,21657.5,21656.75
Ru,KM 4,21833.74,21828
Ru,KM 5,21838.57,21833.6
Ru,KN 1,22046.6,
Ru,KN 2,22071.1,22074.3
Ru,KN 3,22077.45,22074.3
Ru,KN 4,22117.30,22104.6
Ru,KN 5,22117.91,22104.6
Ru,K edge,22127.70,22119.56
Ru,L 1 M 1,2638.3,
Ru,L 1 M 2,2740.7,2741.15
Ru,L 1 M 3,2762.5,2763.39
Ru,L 1 M 4,2938.7,
Ru,L 1 M 5,2943.6,
Ru,L 1 N 1,3151.6,
Ru,L 1 N 2,3176.1,3180.91
Ru,L 1 N 3,3182.5,3180.91
Ru,L 1 N 4,3222.3,
Ru,L 1 N 5,3222.9,
Ru,L 1 edge,3232.69,3232.9
Ru,L 2 M 1,2382.6,2381.99
Ru,L 2 M 2,2485.1,
Ru,L 2 M 3,2506.8,
Ru,L 2 M 4,2683.1,2683.263
Ru,L 2 M 5,2687.90,
Ru,L 2 N 1,2895.9,2891.85
Ru,L 2 N 2,2920.5,
Ru,L 2 N 3,2926.79,
Ru,L 2 N 4,2966.64,2964.52
Ru,L 2 N 5,2967.25,
Ru,L 2 edge,2977.03,2966.1
Ru,L 3 M 1,2253.8,2252.79
Ru,L 3 M 2,2356.2,
Ru,L 3 M 3,2377.9,
Ru,L 3 M 4,2554.23,2554.330
Ru,L 3 M 5,2559.06,2558.579
Ru,L 3 N 1,2767.1,2763.39
Ru,L 3 N 2,2791.6,
Ru,L 3 N 3,2797.95,
Ru,L 3 N 4,2837.79,2835.96
Ru,L 3 N 5,2838.40,2835.96
Ru,L 3 edge,2848.19,2837.77
Rh,KL 1,19809.3,
Rh,KL 2,20073.48,20073.67
Rh,KL 3,20215.75,20216.12
Rh,KM 1,22586.0,
Rh,KM 2,22699.8,22698.83
Rh,KM 3,22724.1,22723.59
Rh,KM 4,22907.81,22909.6
Rh,KM 5,22913.04,22916.8
Rh,KN 1,23142.4,
Rh,KN 2,23169.9,23173.0
Rh,KN 3,23175.60,23173.0
Rh,KN 4,23218.69,23217.2
Rh,KN 5,23219.47,23217.2
Rh,K edge,23230.23,23221.99
Rh,L 1 M 1,2776.6,
Rh,L 1 M 2,2890.5,2890.84
Rh,L 1 M 3,2914.8,2915.72
Rh,L 1 M 4,3098.5,
Rh,L 1 M 5,3103.7,
Rh,L 1 N 1,3333.0,
Rh,L 1 N 2,3360.5,3364.06
Rh,L 1 N 3,3366.3,3364.06
Rh,L 1 N 4,3409.4,
Rh,L 1 N 5,3410.1,
Rh,L 1 edge,3420.89,3416.4
Rh,L 2 M 1,2512.5,2519.10
Rh,L 2 M 2,2626.3,
Rh,L 2 M 3,2650.6,
Rh,L 2 M 4,2834.3,2834.439
Rh,L 2 M 5,2839.56,
Rh,L 2 N 1,3068.9,3065.00
Rh,L 2 N 2,3096.4,
Rh,L 2 N 3,3102.1,
Rh,L 2 N 4,3145.21,3143.81
Rh,L 2 N 5,3145.99,
Rh,L 2 edge,3156.74,3144.76
Rh,L 3 M 1,2370.2,2376.55
Rh,L 3 M 2,2484.1,
Rh,L 3 M 3,2508.4,
Rh,L 3 M 4,2692.06,2692.078
Rh,L 3 M 5,2697.29,2696.775
Rh,L 3 N 1,2926.6,2922.94
Rh,L 3 N 2,2954.1,
Rh,L 3 N 3,2959.86,
Rh,L 3 N 4,3002.94,3001.27
Rh,L 3 N 5,3003.73,3001.27
Rh,L 3 edge,3014.48,3002.07
Pd,KL 1,20747.8,
Pd,KL 2,21020.61,21020.15
Pd,KL 3,21177.25,21177.08
Pd,KM 1,23681.7,
Pd,KM 2,23792.0,23791.12
Pd,KM 3,23819.5,23818.69
Pd,KM 4,24011.0,23995.0
Pd,KM 5,24016.22,23995.0
Pd,KN 1,24267.0,
Pd,KN 2,24297.2,24299.40
Pd,KN 3,24302.2,24299.40
Pd,KN 4,24348.74,24344
Pd,KN 5,24349.18,24344
Pd,K edge,24357.63,24352.59
Pd,L 1 M 1,2934.0,
Pd,L 1 M 2,3044.3,3045.43
Pd,L 1 M 3,3071.8,3072.98
Pd,L 1 M 4,3263.2,3263.72
Pd,L 1 M 5,3268.5,3269.58
Pd,L 1 N 1,3519.3,
Pd,L 1 N 2,3549.4,3553.32
Pd,L 1 N 3,3554.5,3553.32
Pd,L 1 N 4,3601.0,
Pd,L 1 N 5,3601.4,
Pd,L 1 edge,3609.87,3607.3
Pd,L 2 M 1,2661.1,2660.28
Pd,L 2 M 2,2771.4,
Pd,L 2 M 3,2798.9,
Pd,L 2 M 4,2990.4,2990.250
Pd,L 2 M 5,2995.6,
Pd,L 2 N 1,3246.4,3243.74
Pd,L 2 N 2,3276.5,
Pd,L 2 N 3,3281.6,
Pd,L 2 N 4,3328.13,3328.74
Pd,L 2 N 5,3328.56,
Pd,L 2 edge,3337.01,3330.35
Pd,L 3 M 1,2504.5,2503.43
Pd,L 3 M 2,2614.8,
Pd,L 3 M 3,2642.3,
Pd,L 3 M 4,2833.74,2833.312
Pd,L 3 M 5,2838.97,2838.638
Pd,L 3 N 1,3089.8,3087.06
Pd,L 3 N 2,3119.9,
Pd,L 3 N 3,3125.0,
Pd,L 3 N 4,3171.50,3171.820
Pd,L 3 N 5,3171.93,3171.820
Pd,L 3 edge,3180.38,3173.01
Ag,KL 1,21709.4,
Ag,KL 2,21990.67,21990.30
Ag,KL 3,22162.99,22162.917
Ag,KM 1,24797.4,
Ag,KM 2,24912.8,24911.54
Ag,KM 3,24943.1,24942.42
Ag,KM 4,25141.7,25145.5
Ag,KM 5,25147.6,25145.5
Ag,KN 1,25421.1,
Ag,KN 2,25455.6,25456.71
Ag,KN 3,25457.8,25456.71
Ag,KN 4,25509.99,25511.8
Ag,KN 5,25510.83,25511.8
Ag,K edge,25523.71,25515.59
Ag,L 1 M 1,3088.0,
Ag,L 1 M 2,3203.4,3203.487
Ag,L 1 M 3,3233.6,3234.49
Ag,L 1 M 4,3432.3,3432.91
Ag,L 1 M 5,3438.2,3439.21
Ag,L 1 N 1,3711.7,
Ag,L 1 N 2,3746.2,3743.25
Ag,L 1 N 3,3748.3,3749.82
Ag,L 1 N 4,3800.6,
Ag,L 1 N 5,3801.4,
Ag,L 1 edge,3814.27,3807.34
Ag,L 2 M 1,2806.8,2806.11
Ag,L 2 M 2,2922.1,
Ag,L 2 M 3,2952.4,
Ag,L 2 M 4,3151.1,3150.974
Ag,L 2 M 5,3156.9,
Ag,L 2 N 1,3430.4,3428.35
Ag,L 2 N 2,3465.0,
Ag,L 2 N 3,3467.1,
Ag,L 2 N 4,3519.32,3519.625
Ag,L 2 N 5,3520.17,
Ag,L 2 edge,3533.04,3525.83
Ag,L 3 M 1,2634.4,2633.66
Ag,L 3 M 2,2749.8,
Ag,L 3 M 3,2780.1,
Ag,L 3 M 4,2978.72,2978.240
Ag,L 3 M 5,2984.60,2984.340
Ag,L 3 N 1,3258.1,3256.06
Ag,L 3 N 2,3292.7,
Ag,L 3 N 3,3294.8,
Ag,L 3 N 4,3346.99,3347.842
Ag,L 3 N 5,3347.84,3347.842
Ag,L 3 edge,3360.71,3350.96
Cd,KL 1,22694.5,
Cd,KL 2,22984.48,22984.05
Cd,KL 3,23173.73,23173.98
Cd,KM 1,25941.6,
Cd,KM 2,26061.4,26061.32
Cd,KM 3,26095.1,26095.44
Cd,KM 4,26301.2,
Cd,KM 5,26307.8,
Cd,KN 1,26604.9,
Cd,KN 2,26644.1,26644.07
Cd,KN 3,26643.5,26644.07
Cd,KN 4,26701.15,
Cd,KN 5,26702.5,
Cd,K edge,26720.58,26713.29
Cd,L 1 M 1,3247.1,
Cd,L 1 M 2,3366.9,3367.23
Cd,L 1 M 3,3400.6,3401.48
Cd,L 1 M 4,3606.7,3607.60
Cd,L 1 M 5,3613.3,3614.49
Cd,L 1 N 1,3910.4,
Cd,L 1 N 2,3949.6,3951.38
Cd,L 1 N 3,3949.0,
Cd,L 1 N 4,4006.6,
Cd,L 1 N 5,4008.0,
Cd,L 1 edge,4026.07,4019.01
Cd,L 2 M 1,2957.1,2956.782
Cd,L 2 M 2,3076.9,
Cd,L 2 M 3,3110.6,
Cd,L 2 M 4,3316.7,3316.605
Cd,L 2 M 5,3323.3,
Cd,L 2 N 1,3620.4,3619.38
Cd,L 2 N 2,3659.6,
Cd,L 2 N 3,3659.0,
Cd,L 2 N 4,3716.67,3716.898
Cd,L 2 N 5,3718.0,
Cd,L 2 edge,3736.10,3728.01
Cd,L 3 M 1,2767.9,2767.376
Cd,L 3 M 2,2887.7,
Cd,L 3 M 3,2921.4,
Cd,L 3 M 4,3127.5,3126.950
Cd,L 3 M 5,3134.06,3133.755
Cd,L 3 N 1,3431.2,3429.98
Cd,L 3 N 2,3470.4,
Cd,L 3 N 3,3469.7,
Cd,L 3 N 4,3527.42,3528.159
Cd,L 3 N 5,3528.74,3528.159
Cd,L 3 edge,3546.84,3537.60
In,KL 1,23703.5,
In,KL 2,24002.31,24002.03
In,KL 3,24209.78,24209.75
In,KM 1,27114.4,
In,KM 2,27238.6,27237.50
In,KM 3,27276.1,27275.55
In,KM 4,27489.7,27491.8
In,KM 5,27497.1,27499.1
In,KN 1,27819.7,
In,KN 2,27860.7,27861.20
In,KN 3,27860.9,27861.20
In,KN 4,27923.03,27928.4
In,KN 5,27924.2,27928.4
In,K edge,27949.69,27940.39
In,L 1 M 1,3410.9,
In,L 1 M 2,3535.1,3535.31
In,L 1 M 3,3572.6,3573.14
In,L 1 M 4,3786.1,3786.83
In,L 1 M 5,3793.5,3794.26
In,L 1 N 1,4116.2,
In,L 1 N 2,4157.2,4160.48
In,L 1 N 3,4157.4,4160.48
In,L 1 N 4,4219.5,
In,L 1 N 5,4220.6,
In,L 1 edge,4246.17,4237.26
In,L 2 M 1,3112.1,3112.58
In,L 2 M 2,3236.3,
In,L 2 M 3,3273.8,
In,L 2 M 4,3487.3,3487.244
In,L 2 M 5,3494.8,
In,L 2 N 1,3817.4,3815.93
In,L 2 N 2,3858.4,
In,L 2 N 3,3858.6,
In,L 2 N 4,3920.72,3920.848
In,L 2 N 5,3921.84,
In,L 2 edge,3947.38,3939.32
In,L 3 M 1,2904.6,2904.431
In,L 3 M 2,3028.9,
In,L 3 M 3,3066.4,
In,L 3 M 4,3279.9,3279.322
In,L 3 M 5,3287.28,3286.982
In,L 3 N 1,3609.9,3608.27
In,L 3 N 2,3651.0,
In,L 3 N 3,3651.1,
In,L 3 N 4,3713.24,3713.847
In,L 3 N 5,3714.37,3713.847
In,L 3 edge,3739.91,3730.25
Sn,KL 1,24736.6,
Sn,KL 2,25044.30,25044.04
Sn,KL 3,25271.34,25271.36
Sn,KM 1,28316.1,
Sn,KM 2,28444.7,28444.43
Sn,KM 3,28486.4,28486.26
Sn,KM 4,28707.3,28710.2
Sn,KM 5,28715.6,28716.2
Sn,KN 1,29064.2,
Sn,KN 2,29096.05,29109.64
Sn,KN 3,29109.2,29109.64
Sn,KN 4,29175.4,29175.7
Sn,KN 5,29176.7,29175.7
Sn,K edge,29209.79,29200.39
Sn,L 1 M 1,3579.5,
Sn,L 1 M 2,3708.1,3708.33
Sn,L 1 M 3,3749.8,3750.392
Sn,L 1 M 4,3970.8,3971.63
Sn,L 1 M 5,3979.0,3980.00
Sn,L 1 N 1,4327.6,
Sn,L 1 N 2,4359.5,4376.83
Sn,L 1 N 3,4372.6,4376.83
Sn,L 1 N 4,4438.8,
Sn,L 1 N 5,4440.1,
Sn,L 1 edge,4473.20,4464.77
Sn,L 2 M 1,3271.8,3272.37
Sn,L 2 M 2,3400.4,
Sn,L 2 M 3,3442.1,
Sn,L 2 M 4,3663.1,3662.839
Sn,L 2 M 5,3671.3,
Sn,L 2 N 1,4019.9,4019.20
Sn,L 2 N 2,4051.76,
Sn,L 2 N 3,4064.9,
Sn,L 2 N 4,4131.1,4131.161
Sn,L 2 N 5,4132.4,
Sn,L 2 edge,4165.49,4157.27
Sn,L 3 M 1,3044.7,3045.014
Sn,L 3 M 2,3173.4,
Sn,L 3 M 3,3215.0,
Sn,L 3 M 4,3436.0,3437.356
Sn,L 3 M 5,3444.29,3444.011
Sn,L 3 N 1,3792.9,3792.66
Sn,L 3 N 2,3824.71,
Sn,L 3 N 3,3837.9,
Sn,L 3 N 4,3904.07,3904.894
Sn,L 3 N 5,3905.32,3904.894
Sn,L 3 edge,3938.45,3928.84
Sb,KL 1,25793.9,
Sb,KL 2,26110.73,26110.78
Sb,KL 3,26358.69,26358.86
Sb,KM 1,29546.8,
Sb,KM 2,29680.0,29679.20
Sb,KM 3,29726.0,29725.53
Sb,KM 4,29954.6,29956.1
Sb,KM 5,29963.8,29963.3
Sb,KN 1,30340.1,
Sb,KN 2,30387.1,30389.84
Sb,KN 3,30388.0,30389.84
Sb,KN 4,30458.3,30461.0
Sb,KN 5,30459.7,30461.0
Sb,K edge,30501.27,30490.49
Sb,L 1 M 1,3752.9,
Sb,L 1 M 2,3886.1,3886.42
Sb,L 1 M 3,3932.1,3932.73
Sb,L 1 M 4,4160.6,4161.64
Sb,L 1 M 5,4169.9,4170.82
Sb,L 1 N 1,4546.2,
Sb,L 1 N 2,4593.1,4599.95
Sb,L 1 N 3,4594.0,4599.95
Sb,L 1 N 4,4664.3,
Sb,L 1 N 5,4665.8,
Sb,L 1 edge,4707.3,4698.44
Sb,L 2 M 1,3436.1,3436.65
Sb,L 2 M 2,3569.3,
Sb,L 2 M 3,3615.3,
Sb,L 2 M 4,3843.9,3843.615
Sb,L 2 M 5,3853.1,
Sb,L 2 N 1,4229.4,4228.78
Sb,L 2 N 2,4276.3,
Sb,L 2 N 3,4277.2,
Sb,L 2 N 4,4347.56,4347.831
Sb,L 2 N 5,4348.99,
Sb,L 2 edge,4390.54,4381.9
Sb,L 3 M 1,3188.1,3188.63
Sb,L 3 M 2,3321.3,
Sb,L 3 M 3,3367.3,
Sb,L 3 M 4,3595.9,3595.358
Sb,L 3 M 5,3605.10,3604.756
Sb,L 3 N 1,3981.4,3980.00
Sb,L 3 N 2,4028.4,
Sb,L 3 N 3,4029.3,
Sb,L 3 N 4,4099.59,4100.826
Sb,L 3 N 5,4101.02,4100.826
Sb,L 3 edge,4142.58,4132.33
Te,KL 1,26875.7,
Te,KL 2,27201.73,27201.99
Te,KL 3,27472.09,27472.57
Te,KM 1,30806.9,
Te,KM 2,30944.7,30944.60
Te,KM 3,30995.5,30995.97
Te,KM 4,31231.6,
Te,KM 5,31241.8,
Te,KN 1,31646.5,
Te,KN 2,31696.4,31700.76
Te,KN 3,31698.6,31700.76
Te,KN 4,31772.4,
Te,KN 5,31774.0,
Te,K edge,31824.29,31811.5
Te,L 1 M 1,3931.2,
Te,L 1 M 2,4069.0,4069.52
Te,L 1 M 3,4119.7,4120.48
Te,L 1 M 4,4355.9,4355.16
Te,L 1 M 5,4366.1,4367.16
Te,L 1 N 1,4770.8,
Te,L 1 N 2,4820.7,4829.10
Te,L 1 N 3,4822.8,4829.10
Te,L 1 N 4,4896.6,
Te,L 1 N 5,4898.2,
Te,L 1 edge,4948.5,4939.73
Te,L 2 M 1,3605.2,3605.90
Te,L 2 M 2,3743.0,
Te,L 2 M 3,3793.7,
Te,L 2 M 4,4029.9,4029.63
Te,L 2 M 5,4040.1,
Te,L 2 N 1,4444.8,4443.70
Te,L 2 N 2,4494.7,
Te,L 2 N 3,4496.8,
Te,L 2 N 4,4570.67,4570.93
Te,L 2 N 5,4572.25,
Te,L 2 edge,4622.56,4612.61
Te,L 3 M 1,3334.8,3335.58
Te,L 3 M 2,3472.6,
Te,L 3 M 3,3523.4,
Te,L 3 M 4,3759.5,3758.79
Te,L 3 M 5,3769.73,3769.38
Te,L 3 N 1,4174.4,4173.25
Te,L 3 N 2,4224.4,
Te,L 3 N 3,4226.5,
Te,L 3 N 4,4300.31,4301.70
Te,L 3 N 5,4301.89,4301.70
Te,L 3 edge,4352.20,4341.88
I,KL 1,27982.3,
I,KL 2,28317.62,28317.52
I,KL 3,28611.94,28612.32
I,KM 1,32096.7,
I,KM 2,32239.2,32239.71
I,KM 3,32295.1,32295.05
I,KM 4,32538.8,
I,KM 5,32550.1,
I,KN 1,32984.4,
I,KN 2,33037.3,33041.7
I,KN 3,33041.8,33041.7
I,KN 4,33118.2,
I,KN 5,33120.0,
I,K edge,33179.46,33167.2
I,L 1 M 1,4114.4,
I,L 1 M 2,4256.9,4257.53
I,L 1 M 3,4312.8,4313.49
I,L 1 M 4,4556.5,4556.43
I,L 1 M 5,4567.8,4569.06
I,L 1 N 1,5002.1,
I,L 1 N 2,5055.0,5065.67
I,L 1 N 3,5059.5,5065.67
I,L 1 N 4,5135.9,
I,L 1 N 5,5137.7,
I,L 1 edge,5197.2,5191.9
I,L 2 M 1,3779.1,3780.19
I,L 2 M 2,3921.6,
I,L 2 M 3,3977.5,
I,L 2 M 4,4221.2,4220.76
I,L 2 M 5,4232.5,
I,L 2 N 1,4666.8,4666.08
I,L 2 N 2,4719.6,
I,L 2 N 3,4724.2,
I,L 2 N 4,4800.58,4800.98
I,L 2 N 5,4802.33,
I,L 2 edge,4861.84,4854.1
I,L 3 M 1,3484.8,3485.06
I,L 3 M 2,3627.3,
I,L 3 M 3,3683.2,
I,L 3 M 4,3926.9,3926.09
I,L 3 M 5,3938.2,3937.70
I,L 3 N 1,4372.5,4370.62
I,L 3 N 2,4425.3,
I,L 3 N 3,4429.9,
I,L 3 N 4,4506.26,4507.58
I,L 3 N 5,4508.01,4507.58
I,L 3 edge,4567.52,4558.8
Xe,KL 1,29112.8,
Xe,KL 2,29458.4,29458.250
Xe,KL 3,29778.3,29778.78
Xe,KM 1,33416.0,
Xe,KM 2,33563.0,33563.20
Xe,KM 3,33624.6,33624.23
Xe,KM 4,33876.0,
Xe,KM 5,33888.6,
Xe,KN 1,34353.4,
Xe,KN 2,34408.9,34414.7
Xe,KN 3,34408,34414.7
Xe,KN 4,34495.4,
Xe,KN 5,34497.2,
Xe,K edge,34566.5,34593
Xe,L 1 M 1,4303.2,
Xe,L 1 M 2,4450.2,4450.328
Xe,L 1 M 3,4511.8,4512.028
Xe,L 1 M 4,4763.2,
Xe,L 1 M 5,4775.8,
Xe,L 1 N 1,5240.5,
Xe,L 1 N 2,5296.0,5306.71
Xe,L 1 N 3,5294.8,5306.71
Xe,L 1 N 4,5382.5,
Xe,L 1 N 5,5384.3,
Xe,L 1 edge,5453.7,5452.89
Xe,L 2 M 1,3957.6,3958.368
Xe,L 2 M 2,4104.6,
Xe,L 2 M 3,4166.2,
Xe,L 2 M 4,4417.6,4417.668
Xe,L 2 M 5,4430.2,
Xe,L 2 N 1,4895.0,
Xe,L 2 N 2,4950.5,
Xe,L 2 N 3,4949.2,
Xe,L 2 N 4,5036.95,
Xe,L 2 N 5,5038.78,
Xe,L 2 edge,5108.10,5103.83
Xe,L 3 M 1,3637.8,3638.008
Xe,L 3 M 2,3784.7,
Xe,L 3 M 3,3846.3,
Xe,L 3 M 4,4097.7,4097.378
Xe,L 3 M 5,4110.3,4110.088
Xe,L 3 N 1,4575.1,
Xe,L 3 N 2,4630.6,
Xe,L 3 N 3,4629.3,
Xe,L 3 N 4,4717.08,
Xe,L 3 N 5,4718.90,
Xe,L 3 edge,4788.22,4782.16
Cs,KL 1,30270.5,
Cs,KL 2,30624.87,30625.40
Cs,KL 3,30972.05,30973.13
Cs,KM 1,34766.7,
Cs,KM 2,34918.5,34919.68
Cs,KM 3,34985.8,34987.3
Cs,KM 4,35244.9,
Cs,KM 5,35258.6,
Cs,KN 1,35755.7,
Cs,KN 2,35813.2,35821.7
Cs,KN 3,35823.0,35821.7
Cs,KN 4,35905.3,
Cs,KN 5,35907.4,
Cs,K edge,35991.92,35988.0
Cs,L 1 M 1,4496.1,
Cs,L 1 M 2,4648.0,4649.45
Cs,L 1 M 3,4715.2,4716.85
Cs,L 1 M 4,4974.4,4975.21
Cs,L 1 M 5,4988.1,5002.72
Cs,L 1 N 1,5485.2,
Cs,L 1 N 2,5542.6,5542.10
Cs,L 1 N 3,5552.5,5552.77
Cs,L 1 N 4,5634.8,
Cs,L 1 N 5,5636.9,
Cs,L 1 edge,5721.4,5720.6
Cs,L 2 M 1,4141.8,4142.13
Cs,L 2 M 2,4293.7,
Cs,L 2 M 3,4360.9,
Cs,L 2 M 4,4620.0,4619.83
Cs,L 2 M 5,4633.8,
Cs,L 2 N 1,5130.8,5128.75
Cs,L 2 N 2,5188.3,
Cs,L 2 N 3,5198.1,
Cs,L 2 N 4,5280.4,5280.34
Cs,L 2 N 5,5282.54,
Cs,L 2 edge,5367.05,5358.15
Cs,L 3 M 1,3794.6,3794.99
Cs,L 3 M 2,3946.5,
Cs,L 3 M 3,4013.7,
Cs,L 3 M 4,4272.9,4272.31
Cs,L 3 M 5,4286.6,4286.49
Cs,L 3 N 1,4783.7,4781.06
Cs,L 3 N 2,4841.1,
Cs,L 3 N 3,4851.0,
Cs,L 3 N 4,4933.27,4936.00
Cs,L 3 N 5,4935.36,4936.00
Cs,L 3 edge,5019.87,5011.41
Ba,KL 1,31452.5,
Ba,KL 2,31816.56,31816.615
Ba,KL 3,32192.87,32193.262
Ba,KM 1,36147.3,
Ba,KM 2,36303.9,36303.35
Ba,KM 3,36377.5,36377.445
Ba,KM 4,36644.4,36643.2
Ba,KM 5,36659.5,36666.0
Ba,KN 1,37188.0,
Ba,KN 2,37249,37257.7
Ba,KN 3,37262.9,37257.7
Ba,KN 4,37347.7,37311.5
Ba,KN 5,37349.84,37311.5
Ba,K edge,37450.23,37452.4
Ba,L 1 M 1,4694.8,
Ba,L 1 M 2,4851.4,4851.97
Ba,L 1 M 3,4925.0,4926.97
Ba,L 1 M 4,5191.9,5194.28
Ba,L 1 M 5,5207.0,5217.23
Ba,L 1 N 1,5735.5,
Ba,L 1 N 2,5797,5810.11
Ba,L 1 N 3,5810.4,5810.11
Ba,L 1 N 4,5895.2,
Ba,L 1 N 5,5897.3,
Ba,L 1 edge,5997.7,5995.9
Ba,L 2 M 1,4330.7,4330.96
Ba,L 2 M 2,4487.4,
Ba,L 2 M 3,4560.9,
Ba,L 2 M 4,4827.8,4827.58
Ba,L 2 M 5,4842.9,
Ba,L 2 N 1,5371.5,5370.7
Ba,L 2 N 2,5433,
Ba,L 2 N 3,5446.4,
Ba,L 2 N 4,5531.1,5531.22
Ba,L 2 N 5,5533.28,
Ba,L 2 edge,5633.67,5623.29
Ba,L 3 M 1,3954.4,3954.15
Ba,L 3 M 2,4111.1,
Ba,L 3 M 3,4184.6,
Ba,L 3 M 4,4451.5,4450.94
Ba,L 3 M 5,4466.6,4466.30
Ba,L 3 N 1,4995.2,4994.05
Ba,L 3 N 2,5056,
Ba,L 3 N 3,5070.1,
Ba,L 3 N 4,5154.8,5156.58
Ba,L 3 N 5,5156.97,5156.58
Ba,L 3 edge,5257.36,5247.04
La,KL 1,32660.4,
La,KL 2,33034.2,33034.38
La,KL 3,33441.62,33442.12
La,KM 1,37559.0,
La,KM 2,37720.5,37720.60
La,KM 3,37800.9,37801.45
La,KM 4,38075.4,38074.6
La,KM 5,38092.1,38094.5
La,KN 1,38654.0,
La,KN 2,38717,38730.3
La,KN 3,38732.9,38730.3
La,KN 4,38823.1,38828.2
La,KN 5,38825.05,38828.2
La,K edge,38939.45,38934.3
La,L 1 M 1,4898.6,
La,L 1 M 2,5060.1,5061.79
La,L 1 M 3,5140.5,5143.40
La,L 1 M 4,5415.0,5416.99
La,L 1 M 5,5431.7,5435.79
La,L 1 N 1,5993.6,
La,L 1 N 2,6057,6060.73
La,L 1 N 3,6072.4,6075.32
La,L 1 N 4,6162.7,6167.10
La,L 1 N 5,6164.6,6167.10
La,L 1 N 6,6264.8,26
La,L 1 N 7,6264.8,26
La,L 1 edge,6279.0,6268.1
La,L 2 M 1,4524.8,4524.9
La,L 2 M 2,4686.2,
La,L 2 M 3,4766.7,
La,L 2 M 4,5041.2,5042.17
La,L 2 M 5,5057.8,
La,L 2 N 1,5619.8,5620.13
La,L 2 N 2,5683,
La,L 2 N 3,5698.6,
La,L 2 N 4,5788.8,5788.30
La,L 2 N 5,5790.83,
La,L 2 N 6,5887.7,26
La,L 2 N 7,5887.7,26
La,L 2 edge,5905.22,5889.1
La,L 3 M 1,4117.4,4124.5
La,L 3 M 2,4278.9,
La,L 3 M 3,4359.3,
La,L 3 M 4,4633.8,4634.26
La,L 3 M 5,4650.4,4651.02
La,L 3 N 1,5212.4,5211.63
La,L 3 N 2,5276,
La,L 3 N 3,5291.2,
La,L 3 N 4,5381.4,5382.87
La,L 3 N 5,5383.43,5382.87
La,L 3 N 6,5479.1,26
La,L 3 N 7,5479.1,26
La,L 3 edge,5497.83,5483.5
Ce,KL 1,33896.2,
Ce,KL 2,34279.6,34279.28
Ce,KL 3,34720.09,34720.00
Ce,KM 1,39006.9,
Ce,KM 2,39172.7,39170.46
Ce,KM 3,39260.9,39257.77
Ce,KM 4,39542.1,39539.0
Ce,KM 5,39561.2,39557.9
Ce,KN 1,40155.1,
Ce,KN 2,40220,40233.1
Ce,KN 3,40237.4,40233.1
Ce,KN 4,40330.4,40336.5
Ce,KN 5,40334.22,40336.5
Ce,K edge,40446.57,40453.6
Ce,L 1 M 1,5110.7,
Ce,L 1 M 2,5276.5,5277.35
Ce,L 1 M 3,5364.7,5365.29
Ce,L 1 M 4,5645.9,5644.98
Ce,L 1 M 5,5665.0,5664.63
Ce,L 1 N 1,6258.9,
Ce,L 1 N 2,6323,6326.39
Ce,L 1 N 3,6341.2,6342.00
Ce,L 1 N 4,6434.2,6439.95
Ce,L 1 N 5,6438.0,6439.95
Ce,L 1 N 6,6538.6,
Ce,L 1 edge,6550.4,6548.1
Ce,L 2 M 1,4727.4,4731.6
Ce,L 2 M 2,4893.1,
Ce,L 2 M 3,4981.4,
Ce,L 2 M 4,5262.5,5262.93
Ce,L 2 M 5,5281.6,
Ce,L 2 N 1,5875.5,5874.90
Ce,L 2 N 2,5940,
Ce,L 2 N 3,5957.9,
Ce,L 2 N 4,6050.8,6052.15
Ce,L 2 N 5,6054.66,
Ce,L 2 N 6,6155.21,6161.57
Ce,L 2 N 7,6161.57,28
Ce,L 2 edge,6167.01,6160.9
Ce,L 3 M 1,4286.8,4287.52
Ce,L 3 M 2,4452.6,
Ce,L 3 M 3,4540.8,
Ce,L 3 M 4,4822.0,4823.17
Ce,L 3 M 5,4841.1,4840.06
Ce,L 3 N 1,5435.0,5433.24
Ce,L 3 N 2,5499,
Ce,L 3 N 3,5517.34,
Ce,L 3 N 4,5610.3,5612.67
Ce,L 3 N 5,5614.13,5612.67
Ce,L 3 N 6,5714.67,5721.10
Ce,L 3 N 7,5721.10,28
Ce,L 3 edge,5726.47,5724.0
Pr,KL 1,35157.3,
Pr,KL 2,35550.5,35550.59
Pr,KL 3,36026.27,36026.71
Pr,KM 1,40484.3,
Pr,KM 2,40654.5,40653.27
Pr,KM 3,40750.9,40748.67
Pr,KM 4,41039.2,
Pr,KM 5,41060.5,
Pr,KN 1,41688.1,
Pr,KN 2,41754,41774.4
Pr,KN 3,41774.3,41774.4
Pr,KN 4,41872.4,
Pr,KN 5,41876.35,
Pr,K edge,41994.11,42002
Pr,L 1 M 1,5326.9,
Pr,L 1 M 2,5497.2,5498.1
Pr,L 1 M 3,5593.5,5591.8
Pr,L 1 M 4,5881.9,5884.0
Pr,L 1 M 5,5903.2,5902.8
Pr,L 1 N 1,6530.7,
Pr,L 1 N 2,6597,6598.0
Pr,L 1 N 3,6617.0,6615.9
Pr,L 1 N 4,6715.1,
Pr,L 1 N 5,6719.0,
Pr,L 1 N 6,6824.3,
Pr,L 1 edge,6836.8,6834.4
Pr,L 2 M 1,4933.7,4935.6
Pr,L 2 M 2,5104.0,
Pr,L 2 M 3,5200.4,
Pr,L 2 M 4,5488.7,5488.9
Pr,L 2 M 5,5510.0,
Pr,L 2 N 1,6137.5,6136.2
Pr,L 2 N 2,6204,
Pr,L 2 N 3,6223.8,
Pr,L 2 N 4,6321.9,6322.1
Pr,L 2 N 5,6325.84,
Pr,L 2 N 6,6431.16,
Pr,L 2 edge,6443.60,6439.0
Pr,L 3 M 1,4458.0,4453.23
Pr,L 3 M 2,4628.2,
Pr,L 3 M 3,4724.6,
Pr,L 3 M 4,5012.9,5013.64
Pr,L 3 M 5,5034.3,5033.79
Pr,L 3 N 1,5661.8,5659.7
Pr,L 3 N 2,5728,
Pr,L 3 N 3,5748.06,
Pr,L 3 N 4,5846.1,5849.9
Pr,L 3 N 5,5850.08,5849.9
Pr,L 3 N 6,5955.40,
Pr,L 3 edge,5967.84,5963.3
Nd,KL 1,36445.1,
Nd,KL 2,36848.2,36847.502
Nd,KL 3,37361.4,37360.739
Nd,KM 1,41993.8,
Nd,KM 2,42168.5,42166.24
Nd,KM 3,42273.6,42270.90
Nd,KM 4,42569.0,
Nd,KM 5,42592.8,
Nd,KN 1,43254.5,
Nd,KN 2,43322,43335
Nd,KN 3,43344.9,43335
Nd,KN 4,43449.2,
Nd,KN 5,43452.3,
Nd,K edge,43575.27,43574
Nd,L 1 M 1,5548.7,
Nd,L 1 M 2,5723.4,5721.6
Nd,L 1 M 3,5828.5,5827.801
Nd,L 1 M 4,6123.9,6124.97
Nd,L 1 M 5,6147.7,6148.82
Nd,L 1 N 1,6809.4,
Nd,L 1 N 2,6877,6884.03
Nd,L 1 N 3,6899.8,6900.44
Nd,L 1 N 4,7004.1,7007.74
Nd,L 1 N 5,7007.2,7007.74
Nd,L 1 N 6,7117.2,7122.1
Nd,L 1 N 7,7122.1,30
Nd,L 1 edge,7130.2,7129.52
Nd,L 2 M 1,5145.6,5145.25
Nd,L 2 M 2,5320.3,
Nd,L 2 M 3,5425.4,5424.4
Nd,L 2 M 4,5720.8,5721.446
Nd,L 2 M 5,5744.6,
Nd,L 2 N 1,6406.3,6405.29
Nd,L 2 N 2,6474,
Nd,L 2 N 3,6496.8,
Nd,L 2 N 4,6601.0,6601.16
Nd,L 2 N 5,6604.15,
Nd,L 2 N 6,6714.16,6718.98
Nd,L 2 N 7,6718.98,29
Nd,L 2 edge,6727.09,6723.55
Nd,L 3 M 1,4632.4,4631.849
Nd,L 3 M 2,4807.1,
Nd,L 3 M 3,4912.2,
Nd,L 3 M 4,5207.6,5207.7
Nd,L 3 M 5,5231.4,5230.239
Nd,L 3 N 1,5893.1,5892.99
Nd,L 3 N 2,5961,
Nd,L 3 N 3,5983.57,
Nd,L 3 N 4,6087.8,6091.25
Nd,L 3 N 5,6090.96,6091.25
Nd,L 3 N 6,6200.97,6202.34
Nd,L 3 N 7,6202.34,29
Nd,L 3 edge,6213.90,6209.36
Sm,KL 1,39101.2,
Sm,KL 2,39524.3,39523.39
Sm,KL 3,40119.4,40118.481
Sm,KM 1,45110.3,
Sm,KM 2,45293.9,45288.6
Sm,KM 3,45418.1,45413.0
Sm,KM 4,45728.1,45731.4
Sm,KM 5,45756.9,45731.4
Sm,KN 1,46488.6,
Sm,KN 2,46530,46575
Sm,KN 3,46588.2,46575
Sm,KN 4,46709.1,
Sm,KN 5,46706.4,
Sm,K edge,46839.02,46849
Sm,L 1 M 1,6009.1,
Sm,L 1 M 2,6192.8,6196.19
Sm,L 1 M 3,6317.0,6316.36
Sm,L 1 M 4,6627.0,6628.69
Sm,L 1 M 5,6655.7,6655.60
Sm,L 1 N 1,7387.5,
Sm,L 1 N 2,7429,7467.19
Sm,L 1 N 3,7487.1,7486.82
Sm,L 1 N 4,7608.0,7606.24
Sm,L 1 N 5,7605.2,7606.24
Sm,L 1 N 6,7724.4,7734.03
Sm,L 1 N 7,7734.03,31
Sm,L 1 edge,7737.9,7747.93
Sm,L 2 M 1,5586.0,5585.55
Sm,L 2 M 2,5769.7,
Sm,L 2 M 3,5893.8,5891.6
Sm,L 2 M 4,6203.9,6204.073
Sm,L 2 M 5,6232.6,
Sm,L 2 N 1,6964.4,6967.67
Sm,L 2 N 2,7006,
Sm,L 2 N 3,7064.0,7064.27
Sm,L 2 N 4,7184.9,7178.09
Sm,L 2 N 5,7182.12,
Sm,L 2 N 6,7301.27,7308.00
Sm,L 2 N 7,7308.00,32
Sm,L 2 edge,7314.76,7313.30
Sm,L 3 M 1,4990.9,4990.43
Sm,L 3 M 2,5174.6,
Sm,L 3 M 3,5298.8,
Sm,L 3 M 4,5608.8,5609.053
Sm,L 3 M 5,5637.6,5635.970
Sm,L 3 N 1,6369.3,6369.72
Sm,L 3 N 2,6411,
Sm,L 3 N 3,6468.88,6469.72
Sm,L 3 N 4,6589.8,6587.17
Sm,L 3 N 5,6587.03,6587.17
Sm,L 3 N 6,6706.19,6711.75
Sm,L 3 N 7,6711.75,32
Sm,L 3 edge,6719.67,6717.36
Eu,KL 1,40470.1,
Eu,KL 2,40903.5,40902.33
Eu,KL 3,41543.3,41542.63
Eu,KM 1,46718.4,
Eu,KM 2,46906.5,46904.0
Eu,KM 3,47040.8,47038.4
Eu,KM 4,47358.3,
Eu,KM 5,47389.4,
Eu,KN 1,48157.3,
Eu,KN 2,48230,48256.6
Eu,KN 3,48261.1,48256.6
Eu,KN 4,48382.0,
Eu,KN 5,48384.3,
Eu,K edge,48523.77,48519.7
Eu,L 1 M 1,6248.4,
Eu,L 1 M 2,6436.5,6437.81
Eu,L 1 M 3,6570.7,6571.57
Eu,L 1 M 4,6888.3,6889.81
Eu,L 1 M 5,6919.3,6919.15
Eu,L 1 N 1,7687.2,7687.6
Eu,L 1 N 2,7760,7768.10
Eu,L 1 N 3,7791.0,7794.11
Eu,L 1 N 4,7911.9,7914.56
Eu,L 1 N 5,7914.2,7914.56
Eu,L 1 N 6,8040.1,
Eu,L 1 N 7,8042.8,
Eu,L 1 edge,8053.7,8060.75
Eu,L 2 M 1,5814.9,5816.67
Eu,L 2 M 2,6003.0,
Eu,L 2 M 3,6137.3,6137.7
Eu,L 2 M 4,6454.8,6455.72
Eu,L 2 M 5,6485.9,
Eu,L 2 N 1,7253.8,7255.47
Eu,L 2 N 2,7326,7331.4
Eu,L 2 N 3,7357.6,
Eu,L 2 N 4,7478.5,7479.12
Eu,L 2 N 5,7480.82,
Eu,L 2 N 6,7606.73,7612.87
Eu,L 2 N 7,7609.40,7612.87
Eu,L 2 edge,7620.28,7619.83
Eu,L 3 M 1,5175.1,5177.15
Eu,L 3 M 2,5363.2,
Eu,L 3 M 3,5497.5,5498.6
Eu,L 3 M 4,5815.0,5816.61
Eu,L 3 M 5,5846.1,5846.46
Eu,L 3 N 1,6614.0,6614.56
Eu,L 3 N 2,6687,
Eu,L 3 N 3,6717.81,
Eu,L 3 N 4,6838.6,6841.83
Eu,L 3 N 5,6841.01,6841.83
Eu,L 3 N 6,6966.92,6971.57
Eu,L 3 N 7,6969.59,6971.57
Eu,L 3 edge,6980.47,6980.59
Gd,KL 1,41865.8,
Gd,KL 2,42309.7,42309.30
Gd,KL 3,42996.8,42996.72
Gd,KM 1,48357.9,
Gd,KM 2,48550.5,48555.8
Gd,KM 3,48695.7,48696.9
Gd,KM 4,49020.8,49053.3
Gd,KM 5,49054.6,49053.3
Gd,KN 1,49860.6,
Gd,KN 2,49935.3,49960.6
Gd,KN 3,49969.7,49960.6
Gd,KN 4,50090.7,
Gd,KN 5,50098.6,
Gd,K edge,50251.67,50233.9
Gd,L 1 M 1,6492.2,
Gd,L 1 M 2,6684.8,6687.3
Gd,L 1 M 3,6829.9,6831.0
Gd,L 1 M 4,7155.0,7160.4
Gd,L 1 M 5,7188.8,7191.6
Gd,L 1 N 1,7994.8,
Gd,L 1 N 2,8069.6,8087.0
Gd,L 1 N 3,8104.0,8105.0
Gd,L 1 N 4,8224.9,8237.2
Gd,L 1 N 5,8232.8,8237.2
Gd,L 1 N 6,8365.2,
Gd,L 1 N 7,8368.5,
Gd,L 1 edge,8385.9,8386.25
Gd,L 2 M 1,6048.3,6049.69
Gd,L 2 M 2,6240.9,
Gd,L 2 M 3,6386.0,
Gd,L 2 M 4,6711.1,6713.4
Gd,L 2 M 5,6744.9,6743.32
Gd,L 2 N 1,7550.9,7554.4
Gd,L 2 N 2,7625.7,7642.67
Gd,L 2 N 3,7660.08,7657.7
Gd,L 2 N 4,7781.0,7785.9
Gd,L 2 N 5,7788.91,
Gd,L 2 N 6,7921.33,
Gd,L 2 N 7,7924.64,
Gd,L 2 edge,7942.02,7931.32
Gd,L 3 M 1,5361.1,5362.09
Gd,L 3 M 2,5553.7,
Gd,L 3 M 3,5698.9,5698.3
Gd,L 3 M 4,6024.0,6024.99
Gd,L 3 M 5,6057.8,6057.37
Gd,L 3 N 1,6863.8,6867.3
Gd,L 3 N 2,6938.5,
Gd,L 3 N 3,6972.94,
Gd,L 3 N 4,7093.9,7103.0
Gd,L 3 N 5,7101.77,7103.0
Gd,L 3 N 6,7234.19,
Gd,L 3 N 7,7237.50,
Gd,L 3 edge,7254.88,7243.23
Tb,KL 1,43291.4,
Tb,KL 2,43745.6,43744.62
Tb,KL 3,44482.9,44482.75
Tb,KM 1,50035.5,
Tb,KM 2,50233.0,50229.8
Tb,KM 3,50389.1,50382.9
Tb,KM 4,50722.7,
Tb,KM 5,50757.8,
Tb,KN 1,51600.7,
Tb,KN 2,51678.3,51724
Tb,KN 3,51714.0,51724
Tb,KN 4,51837.5,
Tb,KN 5,51846.4,
Tb,K edge,51999.5,52003.8
Tb,L 1 M 1,6744.2,
Tb,L 1 M 2,6941.7,6940.3
Tb,L 1 M 3,7097.7,7096.1
Tb,L 1 M 4,7431.3,7436.1
Tb,L 1 M 5,7466.5,
Tb,L 1 N 1,8309.3,8313.88
Tb,L 1 N 2,8386.9,8397.6
Tb,L 1 N 3,8422.7,8423.9
Tb,L 1 N 4,8546.2,8558.88
Tb,L 1 N 5,8555.0,8558.88
Tb,L 1 N 6,8694.9,
Tb,L 1 N 7,8697.5,
Tb,L 1 edge,8708.1,8717.03
Tb,L 2 M 1,6290.0,6283.95
Tb,L 2 M 2,6487.4,
Tb,L 2 M 3,6643.5,
Tb,L 2 M 4,6977.1,6977.8
Tb,L 2 M 5,7012.3,7009.37
Tb,L 2 N 1,7855.1,7853.4
Tb,L 2 N 2,7932.7,7935.81
Tb,L 2 N 3,7968.5,7968.42
Tb,L 2 N 4,8091.9,8101.8
Tb,L 2 N 5,8100.81,
Tb,L 2 N 6,8240.74,
Tb,L 2 N 7,8243.33,
Tb,L 2 edge,8253.93,8252.83
Tb,L 3 M 1,5552.7,5546.81
Tb,L 3 M 2,5750.1,
Tb,L 3 M 3,5906.2,
Tb,L 3 M 4,6239.8,6238.10
Tb,L 3 M 5,6275.0,6272.82
Tb,L 3 N 1,7117.8,7116.4
Tb,L 3 N 2,7195.4,
Tb,L 3 N 3,7231.17,7226.9
Tb,L 3 N 4,7354.6,7366.7
Tb,L 3 N 5,7363.50,7366.7
Tb,L 3 N 6,7503.43,
Tb,L 3 N 7,7506.02,
Tb,L 3 edge,7516.62,7515.45
Dy,KL 1,44744.3,
Dy,KL 2,45209.1,45208.27
Dy,KL 3,45999.4,45998.94
Dy,KM 1,51745.4,
Dy,KM 2,51947.7,51958.1
Dy,KM 3,52115.7,52119.7
Dy,KM 4,52457.4,52494.8
Dy,KM 5,52494.8,52494.8
Dy,KN 1,53372.0,
Dy,KN 2,53451.7,53510
Dy,KN 3,53483.2,53510
Dy,KN 4,53619.4,
Dy,KN 5,53629.4,
Dy,K edge,53792.3,53793.1
Dy,L 1 M 1,7001.1,
Dy,L 1 M 2,7203.4,7203.96
Dy,L 1 M 3,7371.4,7370.2
Dy,L 1 M 4,7713.1,7712.79
Dy,L 1 M 5,7750.4,7749.57
Dy,L 1 N 1,8627.7,
Dy,L 1 N 2,8707.4,8714.09
Dy,L 1 N 3,8738.9,8753.34
Dy,L 1 N 4,8875.1,
Dy,L 1 N 5,8885.1,8889.3
Dy,L 1 N 6,9035.2,
Dy,L 1 N 7,9037.6,
Dy,L 1 edge,9048.0,9055.09
Dy,L 2 M 1,6536.3,6534.22
Dy,L 2 M 2,6738.6,
Dy,L 2 M 3,6906.6,6905.61
Dy,L 2 M 4,7248.3,7247.80
Dy,L 2 M 5,7285.7,7277.2
Dy,L 2 N 1,8162.9,8166.19
Dy,L 2 N 2,8242.6,
Dy,L 2 N 3,8274.10,8286.4
Dy,L 2 N 4,8410.3,8418.94
Dy,L 2 N 5,8420.27,
Dy,L 2 N 6,8570.38,
Dy,L 2 N 7,8572.86,
Dy,L 2 edge,8583.26,8583.06
Dy,L 3 M 1,5746.0,5743.05
Dy,L 3 M 2,5948.3,
Dy,L 3 M 3,6116.3,6114.8
Dy,L 3 M 4,6458.0,6457.72
Dy,L 3 M 5,6495.3,6495.27
Dy,L 3 N 1,7372.5,7370.56
Dy,L 3 N 2,7452.3,
Dy,L 3 N 3,7483.74,7494.77
Dy,L 3 N 4,7620.0,7635.84
Dy,L 3 N 5,7629.92,7635.84
Dy,L 3 N 6,7780.03,
Dy,L 3 N 7,7782.50,
Dy,L 3 edge,7792.90,7789.79
Ho,KL 1,46225.6,
Ho,KL 2,46701.0,46699.98
Ho,KL 3,47547.5,47547.10
Ho,KM 1,53489.7,
Ho,KM 2,53696.9,53711.3
Ho,KM 3,53877.5,53877.1
Ho,KM 4,54227.4,54247
Ho,KM 5,54267.1,54247
Ho,KN 1,55188.2,
Ho,KN 2,55271.2,55325
Ho,KN 3,55312.1,55325
Ho,KN 4,55442.0,
Ho,KN 5,55453.7,
Ho,K edge,55620.8,55619.9
Ho,L 1 M 1,7264.1,
Ho,L 1 M 2,7471.3,7471.1
Ho,L 1 M 3,7651.9,7651.8
Ho,L 1 M 4,8001.8,8004.08
Ho,L 1 M 5,8041.5,8044.61
Ho,L 1 N 1,8962.6,
Ho,L 1 N 2,9045.6,9051.1
Ho,L 1 N 3,9086.5,9087.6
Ho,L 1 N 4,9216.4,
Ho,L 1 N 5,9228.1,
Ho,L 1 N 6,9382.7,
Ho,L 1 N 7,9385.0,
Ho,L 1 edge,9395.2,9399.7
Ho,L 2 M 1,6788.7,6786.94
Ho,L 2 M 2,6995.9,
Ho,L 2 M 3,7176.5,
Ho,L 2 M 4,7526.4,7525.67
Ho,L 2 M 5,7566.1,
Ho,L 2 N 1,8487.3,8481.5
Ho,L 2 N 2,8570.2,
Ho,L 2 N 3,8611.15,
Ho,L 2 N 4,8741.0,8747.2
Ho,L 2 N 5,8752.71,
Ho,L 2 N 6,8907.28,
Ho,L 2 N 7,8909.60,
Ho,L 2 edge,8919.77,8916.38
Ho,L 3 M 1,5942.2,5939.963
Ho,L 3 M 2,6149.4,
Ho,L 3 M 3,6330.0,
Ho,L 3 M 4,6680.0,6678.484
Ho,L 3 M 5,6719.6,6719.675
Ho,L 3 N 1,7640.8,7635.8
Ho,L 3 N 2,7723.8,7727.16
Ho,L 3 N 3,7764.70,7763.52
Ho,L 3 N 4,7894.5,7902.86
Ho,L 3 N 5,7906.26,7911.35
Ho,L 3 N 6,8060.83,
Ho,L 3 N 7,8063.15,
Ho,L 3 edge,8073.31,8067.56
Er,KL 1,47736.8,
Er,KL 2,48223.0,48221.61
Er,KL 3,49128.7,49127.24
Er,KM 1,55270.1,
Er,KM 2,55482.3,55479.72
Er,KM 3,55676.3,55673.52
Er,KM 4,56034.5,56040
Er,KM 5,56076.6,56040
Er,KN 1,57037.5,
Er,KN 2,57123.3,57214
Er,KN 3,57167.0,57214
Er,KN 4,57301.1,
Er,KN 5,57313.3,
Er,K edge,57487.4,57485.2
Er,L 1 M 1,7533.4,
Er,L 1 M 2,7745.5,7744.75
Er,L 1 M 3,7939.5,7939.007
Er,L 1 M 4,8297.8,8298.1
Er,L 1 M 5,8339.9,8340.66
Er,L 1 N 1,9300.7,
Er,L 1 N 2,9386.6,9385.5
Er,L 1 N 3,9430.3,9431.2
Er,L 1 N 4,9564.3,9569.15
Er,L 1 N 5,9576.5,9569.15
Er,L 1 N 6,9738.6,
Er,L 1 N 7,9740.7,
Er,L 1 edge,9750.6,9757.8
Er,L 2 M 1,7047.1,7045.167
Er,L 2 M 2,7259.3,
Er,L 2 M 3,7453.3,7461.31
Er,L 2 M 4,7811.5,7810.19
Er,L 2 M 5,7853.6,
Er,L 2 N 1,8814.5,8813.7
Er,L 2 N 2,8900.3,
Er,L 2 N 3,8944.03,8946.94
Er,L 2 N 4,9078.1,9088.9
Er,L 2 N 5,9090.26,
Er,L 2 N 6,9252.38,
Er,L 2 N 7,9254.50,
Er,L 2 edge,9264.40,9262.1
Er,L 3 M 1,6141.4,6138.86
Er,L 3 M 2,6353.6,
Er,L 3 M 3,6547.6,
Er,L 3 M 4,6905.8,6904.50
Er,L 3 M 5,6947.9,6947.913
Er,L 3 N 1,7908.7,7909.6
Er,L 3 N 2,7994.6,
Er,L 3 N 3,8038.29,
Er,L 3 N 4,8172.4,8189.11
Er,L 3 N 5,8184.52,8189.11
Er,L 3 N 6,8346.63,
Er,L 3 N 7,8348.75,
Er,L 3 edge,8358.66,8357.42
Tm,KL 1,49276.7,
Tm,KL 2,49773.8,49772.67
Tm,KL 3,50742.2,50741.475
Tm,KM 1,57085.6,
Tm,KM 2,57302.8,57303.0
Tm,KM 3,57511.0,57508.76
Tm,KM 4,57877.6,57924.8
Tm,KM 5,57922.3,57924.8
Tm,KN 1,58923.4,
Tm,KN 2,59012.3,59095
Tm,KN 3,59058.9,59095
Tm,KN 4,59197.7,
Tm,KN 5,59209.8,
Tm,K edge,59391.1,59379
Tm,L 1 M 1,7808.9,7814.0
Tm,L 1 M 2,8026.1,8025.8
Tm,L 1 M 3,8234.3,8230.9
Tm,L 1 M 4,8600.9,8600.8
Tm,L 1 M 5,8645.6,8648.6
Tm,L 1 N 1,9646.7,
Tm,L 1 N 2,9735.6,9730.2
Tm,L 1 N 3,9782.2,9779.3
Tm,L 1 N 4,9921.0,
Tm,L 1 N 5,9933.1,
Tm,L 1 N 6,10102.9,
Tm,L 1 N 7,10104.8,
Tm,L 1 edge,10114.4,10121.0
Tm,L 2 M 1,7311.8,7309.30
Tm,L 2 M 2,7529.0,
Tm,L 2 M 3,7737.2,7728.6
Tm,L 2 M 4,8103.8,8102.265
Tm,L 2 M 5,8148.5,8146.0
Tm,L 2 N 1,9149.6,9144.6
Tm,L 2 N 2,9238.5,9225.2
Tm,L 2 N 3,9285.08,
Tm,L 2 N 4,9423.9,9426.2
Tm,L 2 N 5,9436.02,
Tm,L 2 N 6,9605.83,
Tm,L 2 N 7,9607.72,
Tm,L 2 edge,9617.34,9617.0
Tm,L 3 M 1,6343.5,6341.96
Tm,L 3 M 2,6560.7,6557.5
Tm,L 3 M 3,6768.9,
Tm,L 3 M 4,7135.4,7133.715
Tm,L 3 M 5,7180.1,7180.113
Tm,L 3 N 1,8181.2,8177.2
Tm,L 3 N 2,8270.1,8263.1
Tm,L 3 N 3,8316.72,
Tm,L 3 N 4,8455.6,8468.7
Tm,L 3 N 5,8467.65,8468.7
Tm,L 3 N 6,8637.46,
Tm,L 3 N 7,8639.35,
Tm,L 3 edge,8648.97,8649.53
Yb,KL 1,50846.5,
Yb,KL 2,51354.7,51354.60
Yb,KL 3,52389.1,52389.48
Yb,KM 1,58937.5,
Yb,KM 2,59160.1,59152
Yb,KM 3,59383.3,59367.1
Yb,KM 4,59758.2,59782.2
Yb,KM 5,59805.4,59782.2
Yb,KN 1,60847.3,
Yb,KN 2,60939.1,60985
Yb,KN 3,60988.5,60985
Yb,KN 4,61132.8,
Yb,KN 5,61144.8,
Yb,K edge,61333.3,61305
Yb,L 1 M 1,8091.0,
Yb,L 1 M 2,8313.6,8313.26
Yb,L 1 M 3,8536.8,8536.79
Yb,L 1 M 4,8911.7,8913.31
Yb,L 1 M 5,8958.9,8960.64
Yb,L 1 N 1,10000.8,
Yb,L 1 N 2,10092.6,10089.79
Yb,L 1 N 3,10142.0,10143.20
Yb,L 1 N 4,10286.3,10297.90
Yb,L 1 N 5,10298.3,10297.90
Yb,L 1 N 6,10475.9,
Yb,L 1 N 7,10477.7,
Yb,L 1 edge,10486.8,10491.0
Yb,L 2 M 1,7582.8,7580.24
Yb,L 2 M 2,7805.4,7805.29
Yb,L 2 M 3,8028.6,8024.08
Yb,L 2 M 4,8403.6,8401.88
Yb,L 2 M 5,8450.8,
Yb,L 2 N 1,9492.7,9491.1
Yb,L 2 N 2,9584.4,
Yb,L 2 N 3,9633.83,
Yb,L 2 N 4,9778.2,9780.18
Yb,L 2 N 5,9790.13,
Yb,L 2 N 6,9967.79,
Yb,L 2 N 7,9969.53,
Yb,L 2 edge,9978.70,9976.0
Yb,L 3 M 1,6548.4,6545.54
Yb,L 3 M 2,6771.0,6771.62
Yb,L 3 M 3,6994.2,6995.85
Yb,L 3 M 4,7369.1,7367.40
Yb,L 3 M 5,7416.3,7415.70
Yb,L 3 N 1,8458.2,8456.61
Yb,L 3 N 2,8550.0,
Yb,L 3 N 3,8599.39,
Yb,L 3 N 4,8743.73,8758.91
Yb,L 3 N 5,8755.69,8758.91
Yb,L 3 N 6,8933.35,
Yb,L 3 N 7,8935.09,
Yb,L 3 edge,8944.26,8944.04
Lu,KL 1,52445.5,
Lu,KL 2,52965.3,52965.57
Lu,KL 3,54069.5,54070.39
Lu,KM 1,60823.9,
Lu,KM 2,61051.8,61048
Lu,KM 3,61291.2,61283
Lu,KM 4,61674.4,61731.9
Lu,KM 5,61725.3,61731.9
Lu,KN 1,62809.2,
Lu,KN 2,62903.9,62967
Lu,KN 3,62957.6,62967
Lu,KN 4,63106.5,
Lu,KN 5,63119.0,
Lu,K edge,63322.7,63305
Lu,L 1 M 1,8378.4,
Lu,L 1 M 2,8606.3,8606.54
Lu,L 1 M 3,8845.6,8847.03
Lu,L 1 M 4,9228.9,9231.7
Lu,L 1 M 5,9279.7,9281.5
Lu,L 1 N 1,10363.7,
Lu,L 1 N 2,10458.4,10460.0
Lu,L 1 N 3,10512.0,10511.16
Lu,L 1 N 4,10661.0,10667.3
Lu,L 1 N 5,10673.5,10678.3
Lu,L 1 N 6,10858.7,
Lu,L 1 N 7,10860.6,
Lu,L 1 edge,10877.2,10873.7
Lu,L 2 M 1,7858.6,7857.43
Lu,L 2 M 2,8086.5,8085.82
Lu,L 2 M 3,8325.9,8323.17
Lu,L 2 M 4,8709.1,8709.13
Lu,L 2 M 5,8760.0,
Lu,L 2 N 1,9843.9,9843.0
Lu,L 2 N 2,9938.7,
Lu,L 2 N 3,9992.28,
Lu,L 2 N 4,10141.2,10143.53
Lu,L 2 N 5,10153.73,
Lu,L 2 N 6,10338.91,
Lu,L 2 N 7,10340.83,
Lu,L 2 edge,10357.43,10344.8
Lu,L 3 M 1,6754.4,6752.85
Lu,L 3 M 2,6982.4,6980.99
Lu,L 3 M 3,7221.7,
Lu,L 3 M 4,7605.0,7604.92
Lu,L 3 M 5,7655.8,7655.55
Lu,L 3 N 1,8739.8,8737.92
Lu,L 3 N 2,8834.5,
Lu,L 3 N 3,8888.09,
Lu,L 3 N 4,9037.0,9039.91
Lu,L 3 N 5,9049.54,9049.01
Lu,L 3 N 6,9234.72,
Lu,L 3 N 7,9236.64,
Lu,L 3 edge,9253.24,9249.0
Hf,KL 1,54074.8,
Hf,KL 2,54606.4,54612.0
Hf,KL 3,55784.1,55790.8
Hf,KM 1,62747.2,
Hf,KM 2,62980.8,62980
Hf,KM 3,63237.2,63234
Hf,KM 4,63628.8,
Hf,KM 5,63683.2,
Hf,KN 1,64810.0,
Hf,KN 2,64907.3,64980
Hf,KN 3,64965.3,64980
Hf,KN 4,65119.3,
Hf,KN 5,65132.6,
Hf,K edge,65352.0,65316
Hf,L 1 M 1,8672.4,8668.58
Hf,L 1 M 2,8906.0,8905.50
Hf,L 1 M 3,9162.4,9163.51
Hf,L 1 M 4,9554.0,9550.40
Hf,L 1 M 5,9608.4,9609.17
Hf,L 1 N 1,10735.2,
Hf,L 1 N 2,10832.5,10833.64
Hf,L 1 N 3,10890.5,10890.83
Hf,L 1 N 4,11044.5,11045.2
Hf,L 1 N 5,11057.8,11055.4
Hf,L 1 N 6,11250.5,
Hf,L 1 N 7,11252.7,
Hf,L 1 edge,11277.2,11268.585
Hf,L 2 M 1,8140.8,8139.33
Hf,L 2 M 2,8374.4,8373.56
Hf,L 2 M 3,8630.8,8631.28
Hf,L 2 M 4,9022.4,9022.80
Hf,L 2 M 5,9076.9,
Hf,L 2 N 1,10203.6,10201.20
Hf,L 2 N 2,10301.0,
Hf,L 2 N 3,10358.90,
Hf,L 2 N 4,10512.9,10515.89
Hf,L 2 N 5,10526.26,10525.9
Hf,L 2 N 6,10718.95,10703.8
Hf,L 2 N 7,10721.18,
Hf,L 2 edge,10745.60,10735.875
Hf,L 3 M 1,6963.1,6959.63
Hf,L 3 M 2,7196.7,7195.52
Hf,L 3 M 3,7453.1,7453.28
Hf,L 3 M 4,7844.7,7844.70
Hf,L 3 M 5,7899.1,7899.08
Hf,L 3 N 1,9025.9,9022.80
Hf,L 3 N 2,9123.2,9123.93
Hf,L 3 N 3,9181.18,9180.27
Hf,L 3 N 4,9335.2,9337.21
Hf,L 3 N 5,9348.54,9347.35
Hf,L 3 N 6,9541.24,9525.01
Hf,L 3 N 7,9543.46,9525.01
Hf,L 3 edge,9567.88,9558.286
Ta,KL 1,55735.0,
Ta,KL 2,56278.7,56277.6
Ta,KL 3,57533.9,57533.2
Ta,KM 1,64708.3,
Ta,KM 2,64947.7,64949.6
Ta,KM 3,65222.1,65223.3
Ta,KM 4,65622.1,65626.9
Ta,KM 5,65680.4,65683.6
Ta,KN 1,66866.7,
Ta,KN 2,66966.8,66949.4
Ta,KN 3,67029.3,67013.5
Ta,KN 4,67242.1,67195.4
Ta,KN 5,67202.7,67195.4
Ta,K edge,67431.9,67403.7
Ta,L 1 M 1,8973.2,
Ta,L 1 M 2,9212.6,9212.47
Ta,L 1 M 3,9487.1,9487.62
Ta,L 1 M 4,9887.0,9889.3
Ta,L 1 M 5,9945.3,9945.6
Ta,L 1 N 1,11131.6,11117.4
Ta,L 1 N 2,11231.7,11217.1
Ta,L 1 N 3,11294.2,11277.68
Ta,L 1 N 4,11507.0,11439.9
Ta,L 1 N 5,11467.6,11458.1
Ta,L 1 N 6,11667.8,
Ta,L 1 N 7,11670.4,
Ta,L 1 edge,11696.9,11682.1
Ta,L 2 M 1,8429.6,8428.09
Ta,L 2 M 2,8669.0,8668.56
Ta,L 2 M 3,8943.4,8941.76
Ta,L 2 M 4,9343.4,9343.19
Ta,L 2 M 5,9401.7,9399.94
Ta,L 2 N 1,10588.0,10570.6
Ta,L 2 N 2,10688.1,10674.04
Ta,L 2 N 3,10750.59,10731.6
Ta,L 2 N 4,10963.4,10895.33
Ta,L 2 N 5,10923.97,10906.84
Ta,L 2 N 6,11124.17,11107.82
Ta,L 2 N 7,11126.71,
Ta,L 2 edge,11153.23,11132.5
Ta,L 3 M 1,7174.4,7173.20
Ta,L 3 M 2,7413.8,7412.13
Ta,L 3 M 3,7688.2,7686.65
Ta,L 3 M 4,8088.2,8087.93
Ta,L 3 M 5,8146.5,8146.17
Ta,L 3 N 1,9332.8,9315.40
Ta,L 3 N 2,9432.9,9416.1
Ta,L 3 N 3,9495.40,9474.4
Ta,L 3 N 4,9708.2,9639.50
Ta,L 3 N 5,9668.78,9651.89
Ta,L 3 N 6,9868.99,9857.23
Ta,L 3 N 7,9871.52,9857.23
Ta,L 3 edge,9898.04,9876.7
W,KL 1,57426.1,57420
W,KL 2,57981.9,57981.77
W,KL 3,59318.8,59318.847
W,KM 1,66706.9,
W,KM 2,66952.1,66952.19
W,KM 3,67245.6,67245.0
W,KM 4,67654.0,67652.3
W,KM 5,67716.4,67715.9
W,KN 1,68932.0,
W,KN 2,69035.5,69032.5
W,KN 3,69102.2,69101.3
W,KN 4,69267.3,69295
W,KN 5,69281.8,69295
W,K edge,69533.0,69508.5
W,L 1 M 1,9280.7,9278.10
W,L 1 M 2,9526.0,9525.23
W,L 1 M 3,9819.5,9818.91
W,L 1 M 4,10227.8,10228.29
W,L 1 M 5,10290.3,10291.13
W,L 1 N 1,11505.8,11502.8
W,L 1 N 2,11609.4,11610.50
W,L 1 N 3,11676.1,11680.49
W,L 1 N 4,11841.2,11843.9
W,L 1 N 5,11855.6,11861.9
W,L 1 N 6,12063.2,
W,L 1 N 7,12065.8,
W,L 1 edge,12106.9,12099.73
W,L 2 M 1,8725.0,8724.42
W,L 2 M 2,8970.3,8953.03
W,L 2 M 3,9263.7,9268.72
W,L 2 M 4,9672.1,9672.575
W,L 2 M 5,9734.5,9735.08
W,L 2 N 1,10950.1,10948.91
W,L 2 N 2,11053.7,11045.20
W,L 2 N 3,11120.32,11120.5
W,L 2 N 4,11285.4,11286.00
W,L 2 N 5,11299.89,
W,L 2 N 6,11507.48,11504.83
W,L 2 N 7,11510.08,11514.6
W,L 2 edge,11551.16,11538.6
W,L 3 M 1,7388.1,7387.82
W,L 3 M 2,7633.4,7631.41
W,L 3 M 3,7926.8,7926.44
W,L 3 M 4,8335.2,8335.34
W,L 3 M 5,8397.6,8398.242
W,L 3 N 1,9613.2,9608.199
W,L 3 N 2,9716.8,9712.7
W,L 3 N 3,9783.42,9767.238
W,L 3 N 4,9948.5,9947.95
W,L 3 N 5,9962.99,9964.133
W,L 3 N 6,10170.58,10173.49
W,L 3 N 7,10173.18,10173.49
W,L 3 edge,10214.26,10200.1
Re,KL 1,59150.0,
Re,KL 2,59718.3,59718.57
Re,KL 3,61141.2,61141.00
Re,KM 1,68745.6,
Re,KM 2,68996.8,68995.2
Re,KM 3,69310.4,69310.3
Re,KM 4,69727.3,69719.6
Re,KM 5,69793.9,69786.3
Re,KN 1,71053.6,
Re,KN 2,71159.6,71152.0
Re,KN 3,71231.9,71232.1
Re,KN 4,71402.1,71410
Re,KN 5,71417.6,71410
Re,K edge,71687.5,71657.8
Re,L 1 M 1,9595.6,
Re,L 1 M 2,9846.8,9846.35
Re,L 1 M 3,10160.4,10159.90
Re,L 1 M 4,10577.3,10577.07
Re,L 1 M 5,10643.9,10643.45
Re,L 1 N 1,11903.6,11898.5
Re,L 1 N 2,12009.5,12009.95
Re,L 1 N 3,12081.9,12082.5
Re,L 1 N 4,12252.1,12252.4
Re,L 1 N 5,12267.6,12265.8
Re,L 1 N 6,12483.0,
Re,L 1 N 7,12486.0,
Re,L 1 edge,12537.5,12531.1
Re,L 2 M 1,9027.3,9027.27
Re,L 2 M 2,9278.5,9275.9
Re,L 2 M 3,9592.1,9591.0
Re,L 2 M 4,10009.0,10010.04
Re,L 2 M 5,10075.6,10075.8
Re,L 2 N 1,11335.3,11334.18
Re,L 2 N 2,11441.2,11438.5
Re,L 2 N 3,11513.59,11515.0
Re,L 2 N 4,11683.8,11685.53
Re,L 2 N 5,11699.29,
Re,L 2 N 6,11914.7,11916.8
Re,L 2 N 7,11917.7,
Re,L 2 edge,11969.17,11954.7
Re,L 3 M 1,7604.4,7603.67
Re,L 3 M 2,7855.7,7852.45
Re,L 3 M 3,8169.3,8168.55
Re,L 3 M 4,8586.2,8586.27
Re,L 3 M 5,8652.8,8652.55
Re,L 3 N 1,9912.4,9910.66
Re,L 3 N 2,10018.4,
Re,L 3 N 3,10090.77,10093.8
Re,L 3 N 4,10261.0,10261.82
Re,L 3 N 5,10276.46,10275.35
Re,L 3 N 6,10491.9,10493.6
Re,L 3 N 7,10494.9,10493.6
Re,L 3 edge,10546.35,10531.1
Os,KL 1,60905.6,
Os,KL 2,61486.6,61487.27
Os,KL 3,62999.9,63001.07
Os,KM 1,70823.2,
Os,KM 2,71080.5,71078.1
Os,KM 3,71415.3,71413.9
Os,KM 4,71840.9,71823.8
Os,KM 5,71911.8,71894.7
Os,KN 1,73217.2,
Os,KN 2,73326.3,73318.9
Os,KN 3,73404.0,73403.2
Os,KN 4,73579.9,73615
Os,KN 5,73595.9,73615
Os,K edge,73884.0,73856.2
Os,L 1 M 1,9917.6,
Os,L 1 M 2,10174.9,10175.50
Os,L 1 M 3,10509.7,10510.99
Os,L 1 M 4,10935.3,10937.72
Os,L 1 M 5,11006.2,11007.25
Os,L 1 N 1,12311.6,
Os,L 1 N 2,12420.7,12422.46
Os,L 1 N 3,12498.4,12499.98
Os,L 1 N 4,12674.3,12687.5
Os,L 1 N 5,12690.3,12696.6
Os,L 1 N 6,12913.5,
Os,L 1 N 7,12916.6,
Os,L 1 edge,12978.4,12971.6
Os,L 2 M 1,9336.6,9337.07
Os,L 2 M 2,9593.9,9585.8
Os,L 2 M 3,9928.7,9934.5
Os,L 2 M 4,10354.3,10355.42
Os,L 2 M 5,10425.2,10420.70
Os,L 2 N 1,11730.6,11730.42
Os,L 2 N 2,11839.7,
Os,L 2 N 3,11917.40,11924.47
Os,L 2 N 4,12093.3,12095.48
Os,L 2 N 5,12109.35,
Os,L 2 N 6,12332.5,12336.5
Os,L 2 N 7,12335.7,
Os,L 2 edge,12397.42,12380.9
Os,L 3 M 1,7823.3,7822.33
Os,L 3 M 2,8080.6,8078.6
Os,L 3 M 3,8415.4,8414.1
Os,L 3 M 4,8841.0,8841.10
Os,L 3 M 5,8911.9,8911.83
Os,L 3 N 1,10217.4,10217.00
Os,L 3 N 2,10326.5,10324.46
Os,L 3 N 3,10404.12,
Os,L 3 N 4,10580.0,10581.68
Os,L 3 N 5,10596.08,10598.7
Os,L 3 N 6,10819.2,10824.65
Os,L 3 N 7,10822.4,10824.65
Os,L 3 edge,10884.14,10868.0
Ir,KL 1,62694.2,
Ir,KL 2,63288.1,63287.29
Ir,KL 3,64896.5,64896.2
Ir,KM 1,72941.1,
Ir,KM 2,73204.6,73203.4
Ir,KM 3,73561.8,73561.7
Ir,KM 4,73996.1,73980
Ir,KM 5,74071.6,74075.5
Ir,KN 1,75418.4,
Ir,KN 2,75530.8,75529.9
Ir,KN 3,75614.1,75619.3
Ir,KN 4,75795.7,75821
Ir,KN 5,75812.4,75821
Ir,K edge,76117.5,76100.1
Ir,L 1 M 1,10246.9,10244.8
Ir,L 1 M 2,10510.4,10510.72
Ir,L 1 M 3,10867.5,10867.54
Ir,L 1 M 4,11301.9,11301.74
Ir,L 1 M 5,11377.4,11377.13
Ir,L 1 N 1,12724.2,12695.3
Ir,L 1 N 2,12836.6,12841.92
Ir,L 1 N 3,12919.9,12924.11
Ir,L 1 N 4,13101.5,13107.3
Ir,L 1 N 5,13118.2,13125.4
Ir,L 1 N 6,13349.0,
Ir,L 1 N 7,13352.4,
Ir,L 1 edge,13423.3,13423.8
Ir,L 2 M 1,9653.0,9652.34
Ir,L 2 M 2,9916.5,9917.0
Ir,L 2 M 3,10273.7,10272.8
Ir,L 2 M 4,10708.0,10708.35
Ir,L 2 M 5,10783.6,10791.4
Ir,L 2 N 1,12130.4,12134.31
Ir,L 2 N 2,12242.7,12251.2
Ir,L 2 N 3,12326.0,12331.6
Ir,L 2 N 4,12507.6,12512.72
Ir,L 2 N 5,12524.29,
Ir,L 2 N 6,12755.2,12760.5
Ir,L 2 N 7,12758.5,
Ir,L 2 edge,12829.38,12820.0
Ir,L 3 M 1,8044.7,8045.89
Ir,L 3 M 2,8308.1,8304.2
Ir,L 3 M 3,8665.3,8659.2
Ir,L 3 M 4,9099.7,9099.62
Ir,L 3 M 5,9175.2,9175.18
Ir,L 3 N 1,10522.0,10525.17
Ir,L 3 N 2,10634.3,10638.15
Ir,L 3 N 3,10717.60,10725.1
Ir,L 3 N 4,10899.2,10903.67
Ir,L 3 N 5,10915.91,10920.47
Ir,L 3 N 6,11146.8,11155.01
Ir,L 3 N 7,11150.1,11155.01
Ir,L 3 edge,11221.01,11212.0
Pt,KL 1,64515.5,
Pt,KL 2,65122.6,65123.3
Pt,KL 3,66831.1,66832.9
Pt,KM 1,75099.4,
Pt,KM 2,75369.1,75368.7
Pt,KM 3,75749.9,75749.1
Pt,KM 4,76193.1,76198
Pt,KM 5,76273.4,76273
Pt,KN 1,77672.2,
Pt,KN 2,77788.0,77785.5
Pt,KN 3,77877.2,77878.3
Pt,KN 4,78064.5,78070
Pt,KN 5,78081.9,78070
Pt,K edge,78404.2,78380.5
Pt,L 1 M 1,10583.9,10600.2
Pt,L 1 M 2,10853.6,10854.41
Pt,L 1 M 3,11234.4,11230.89
Pt,L 1 M 4,11677.6,11676.3
Pt,L 1 M 5,11757.9,11756.79
Pt,L 1 N 1,13156.7,13112.9
Pt,L 1 N 2,13272.5,13270.5
Pt,L 1 N 3,13361.7,13361.5
Pt,L 1 N 4,13549.0,
Pt,L 1 N 5,13566.4,13560.4
Pt,L 1 N 6,13805.0,
Pt,L 1 N 7,13808.5,
Pt,L 1 edge,13888.7,13880.69
Pt,L 2 M 1,9976.8,9975.2
Pt,L 2 M 2,10246.6,10221
Pt,L 2 M 3,10627.4,10626.8
Pt,L 2 M 4,11070.5,11070.84
Pt,L 2 M 5,11150.8,11140.5
Pt,L 2 N 1,12549.6,12552.6
Pt,L 2 N 2,12665.5,12661.6
Pt,L 2 N 3,12754.62,12758.93
Pt,L 2 N 4,12942.0,12942.19
Pt,L 2 N 5,12959.33,
Pt,L 2 N 6,13198.0,13199.3
Pt,L 2 N 7,13201.5,
Pt,L 2 edge,13281.67,13271.894
Pt,L 3 M 1,8268.3,8268.2
Pt,L 3 M 2,8538.0,8532.9
Pt,L 3 M 3,8918.8,8922.8
Pt,L 3 M 4,9362.0,9361.96
Pt,L 3 M 5,9442.3,9442.39
Pt,L 3 N 1,10841.1,10841.88
Pt,L 3 N 2,10956.9,10962.2
Pt,L 3 N 3,11046.07,11044.2
Pt,L 3 N 4,11233.4,
Pt,L 3 N 5,11250.77,11250.66
Pt,L 3 N 6,11489.5,11490.91
Pt,L 3 N 7,11492.9,11490.91
Pt,L 3 edge,11573.11,11562.755
Au,KL 1,66372.5,66400
Au,KL 2,66993.0,66990.73
Au,KL 3,68806.9,68804.50
Au,KM 1,77301.2,
Au,KM 2,77577.3,77575.01
Au,KM 3,77983.0,77979.80
Au,KM 4,78435.1,78439.0
Au,KM 5,78520.3,78529.5
Au,KN 1,79963.3,
Au,KN 2,80082.5,80076
Au,KN 3,80177.9,80186.2
Au,KN 4,80371.0,80391.1
Au,KN 5,80389.0,80391.1
Au,K edge,80734.7,80721.3
Au,L 1 M 1,10928.7,10921.15
Au,L 1 M 2,11204.8,11204.81
Au,L 1 M 3,11610.5,11610.5
Au,L 1 M 4,12062.6,12061.8
Au,L 1 M 5,12147.8,12147.6
Au,L 1 N 1,13590.8,13578.2
Au,L 1 N 2,13710.0,13709.70
Au,L 1 N 3,13805.4,13809.1
Au,L 1 N 4,13998.5,13999.3
Au,L 1 N 5,14016.6,14019.9
Au,L 1 N 6,14263.1,
Au,L 1 N 7,14266.8,
Au,L 1 edge,14362.2,14355.29
Au,L 2 M 1,10308.2,10308.41
Au,L 2 M 2,10584.3,10589.5
Au,L 2 M 3,10990.0,10991.54
Au,L 2 M 4,11442.0,11442.45
Au,L 2 M 5,11527.2,11526.8
Au,L 2 N 1,12970.3,12974.43
Au,L 2 N 2,13089.4,
Au,L 2 N 3,13184.89,13186.8
Au,L 2 N 4,13377.9,13381.79
Au,L 2 N 5,13396.01,
Au,L 2 N 6,13642.5,13648.9
Au,L 2 N 7,13646.2,
Au,L 2 edge,13741.67,13734.194
Au,L 3 M 1,8494.3,8494.03
Au,L 3 M 2,8770.4,8770.31
Au,L 3 M 3,9176.1,9174.97
Au,L 3 M 4,9628.1,9628.05
Au,L 3 M 5,9713.3,9713.44
Au,L 3 N 1,11156.4,11160.33
Au,L 3 N 2,11275.5,11274.4
Au,L 3 N 3,11371.00,11371.8
Au,L 3 N 4,11564.0,11566.81
Au,L 3 N 5,11582.12,11584.75
Au,L 3 N 6,11828.7,11835.80
Au,L 3 N 7,11832.3,11835.80
Au,L 3 edge,11927.78,11919.694
Hg,KL 1,68260.5,
Hg,KL 2,68894.3,68895.1
Hg,KL 3,70819.0,70819.5
Hg,KM 1,79541.6,
Hg,KM 2,79824.1,79823.3
Hg,KM 3,80256.1,80254.2
Hg,KM 4,80717.1,80754
Hg,KM 5,80807.6,80754
Hg,KN 1,82302.4,
Hg,KN 2,82425.1,82435
Hg,KN 3,82527.7,82545
Hg,KN 4,82726.0,82776
Hg,KN 5,82745.3,82776
Hg,K edge,83111.3,83109.2
Hg,L 1 M 1,11281.1,11272.1
Hg,L 1 M 2,11563.7,11563.1
Hg,L 1 M 3,11995.6,11995.4
Hg,L 1 M 4,12456.6,12456.97
Hg,L 1 M 5,12547.1,12547.52
Hg,L 1 N 1,14042.0,14045.8
Hg,L 1 N 2,14164.7,14162.3
Hg,L 1 N 3,14267.2,14264.8
Hg,L 1 N 4,14465.5,
Hg,L 1 N 5,14484.8,14474.3
Hg,L 1 N 6,14739.1,
Hg,L 1 N 7,14743.2,
Hg,L 1 edge,14850.8,14842.8
Hg,L 2 M 1,10647.3,10651.4
Hg,L 2 M 2,10929.8,10888.1
Hg,L 2 M 3,11361.7,11357.9
Hg,L 2 M 4,11822.7,11822.70
Hg,L 2 M 5,11913.2,
Hg,L 2 N 1,13408.1,13410.3
Hg,L 2 N 2,13530.8,
Hg,L 2 N 3,13633.37,13640.3
Hg,L 2 N 4,13831.7,13830.2
Hg,L 2 N 5,13850.97,
Hg,L 2 N 6,14105.2,14107.3
Hg,L 2 N 7,14109.3,
Hg,L 2 edge,14216.92,14214.9
Hg,L 3 M 1,8722.6,8721.32
Hg,L 3 M 2,9005.1,9019.5
Hg,L 3 M 3,9437.1,9455.6
Hg,L 3 M 4,9898.1,9897.68
Hg,L 3 M 5,9988.6,9988.91
Hg,L 3 N 1,11483.5,11482.5
Hg,L 3 N 2,11606.1,11642.6
Hg,L 3 N 3,11708.73,11713.0
Hg,L 3 N 4,11907.0,11904.1
Hg,L 3 N 5,11926.33,11924.2
Hg,L 3 N 6,12180.6,12182.7
Hg,L 3 N 7,12184.7,12194.1
Hg,L 3 edge,12292.28,12286.4
Tl,KL 1,70185.1,
Tl,KL 2,70832.7,70832.5
Tl,KL 3,72873.8,72872.5
Tl,KM 1,81827.0,
Tl,KM 2,82116.0,82118.4
Tl,KM 3,82575.6,82576.7
Tl,KM 4,83045.6,83114.8
Tl,KM 5,83141.7,83114.8
Tl,KN 1,84685.5,
Tl,KN 2,84811.8,84838.0
Tl,KN 3,84921.3,84948.5
Tl,KN 4,85125.4,85194
Tl,KN 5,85145.9,85194
Tl,K edge,85538.2,85534.5
Tl,L 1 M 1,11641.9,11648.1
Tl,L 1 M 2,11931.0,11930.78
Tl,L 1 M 3,12390.6,12390.55
Tl,L 1 M 4,12860.6,12862.7
Tl,L 1 M 5,12956.6,12958.7
Tl,L 1 N 1,14500.4,14502.6
Tl,L 1 N 2,14626.7,14625.2
Tl,L 1 N 3,14736.2,14737.0
Tl,L 1 N 4,14940.4,14937.4
Tl,L 1 N 5,14960.9,14959.4
Tl,L 1 N 6,15222.7,
Tl,L 1 N 7,15227.1,
Tl,L 1 edge,15353.1,15342.4
Tl,L 2 M 1,10994.2,10994.36
Tl,L 2 M 2,11283.3,11274.2
Tl,L 2 M 3,11742.9,11739.7
Tl,L 2 M 4,12212.9,12213.44
Tl,L 2 M 5,12309.0,12309.36
Tl,L 2 N 1,13852.8,13852.77
Tl,L 2 N 2,13979.1,14057
Tl,L 2 N 3,14088.6,14089.5
Tl,L 2 N 4,14292.7,14291.58
Tl,L 2 N 5,14313.2,
Tl,L 2 N 6,14575.0,14577.9
Tl,L 2 N 7,14579.4,
Tl,L 2 edge,14705.47,14700.3
Tl,L 3 M 1,8953.1,8953.28
Tl,L 3 M 2,9242.2,9241.79
Tl,L 3 M 3,9701.8,9700.75
Tl,L 3 M 4,10171.8,10172.91
Tl,L 3 M 5,10267.9,10268.62
Tl,L 3 N 1,11811.7,11812.00
Tl,L 3 N 2,11938.0,
Tl,L 3 N 3,12047.5,12053.5
Tl,L 3 N 4,12251.6,12251.10
Tl,L 3 N 5,12272.1,12271.71
Tl,L 3 N 6,12533.9,12538.7
Tl,L 3 N 7,12538.3,12538.7
Tl,L 3 edge,12664.38,12660.3
Pb,KL 1,72145.0,
Pb,KL 2,72806.6,72805.42
Pb,KL 3,74970.2,74970.11
Pb,KM 1,84156.2,
Pb,KM 2,84451.8,84450.45
Pb,KM 3,84940.3,84939.08
Pb,KM 4,85419.7,85434
Pb,KM 5,85521.4,85535
Pb,KN 1,87114.5,
Pb,KN 2,87244.1,87238
Pb,KN 3,87362.0,87366.9
Pb,KN 4,87571.0,87589
Pb,KN 5,87593.2,87589
Pb,K edge,88012.8,88005.6
Pb,L 1 M 1,12011.1,12010.3
Pb,L 1 M 2,12306.7,12305.9
Pb,L 1 M 3,12795.3,12793.4
Pb,L 1 M 4,13274.6,13275.8
Pb,L 1 M 5,13376.3,13377.5
Pb,L 1 N 1,14969.4,14963.0
Pb,L 1 N 2,15099.1,15101.4
Pb,L 1 N 3,15216.9,15218.2
Pb,L 1 N 4,15426.0,15427.6
Pb,L 1 N 5,15448.1,15452.8
Pb,L 1 N 6,15717.7,15725.8
Pb,L 1 N 7,15722.6,15725.8
Pb,L 1 edge,15867.7,15857.993
Pb,L 2 M 1,11349.5,11349.4
Pb,L 2 M 2,11645.1,11648.1
Pb,L 2 M 3,12133.7,12127.8
Pb,L 2 M 4,12613.0,12613.80
Pb,L 2 M 5,12714.8,12720.0
Pb,L 2 N 1,14307.8,14307.6
Pb,L 2 N 2,14437.5,14441.7
Pb,L 2 N 3,14555.3,14553.3
Pb,L 2 N 4,14764.4,14764.55
Pb,L 2 N 5,14786.6,14791.5
Pb,L 2 N 6,15056.1,15060
Pb,L 2 N 7,15061.0,
Pb,L 2 edge,15206.12,15198.993
Pb,L 3 M 1,9186.0,9184.56
Pb,L 3 M 2,9481.6,9481.16
Pb,L 3 M 3,9970.2,9967.63
Pb,L 3 M 4,10449.5,10449.59
Pb,L 3 M 5,10551.2,10551.60
Pb,L 3 N 1,12144.3,12143.2
Pb,L 3 N 2,12274.0,12270.6
Pb,L 3 N 3,12391.8,12392.0
Pb,L 3 N 4,12600.9,12601.2
Pb,L 3 N 5,12623.0,12622.8
Pb,L 3 N 6,12892.6,12897.0
Pb,L 3 N 7,12897.5,12897.0
Pb,L 3 edge,13042.60,13035.064
Bi,KL 1,74141.0,
Bi,KL 2,74816.8,74816.21
Bi,KL 3,77108.9,77109.2
Bi,KM 1,86529.6,
Bi,KM 2,86831.9,86835.7
Bi,KM 3,87351.4,87344.1
Bi,KM 4,87839.7,87862.2
Bi,KM 5,87947.6,87862.2
Bi,KN 1,89590.3,
Bi,KN 2,89723.9,89731.7
Bi,KN 3,89849.4,89861.8
Bi,KN 4,90064.5,90110
Bi,KN 5,90088.0,90110
Bi,K edge,90536.5,90537.7
Bi,L 1 M 1,12388.5,12392
Bi,L 1 M 2,12690.9,12691.40
Bi,L 1 M 3,13210.4,13209.99
Bi,L 1 M 4,13698.6,13698.87
Bi,L 1 M 5,13806.6,13806.82
Bi,L 1 N 1,15449.3,15455.3
Bi,L 1 N 2,15582.9,15582.52
Bi,L 1 N 3,15708.4,15710.5
Bi,L 1 N 4,15923.5,15905
Bi,L 1 N 5,15947.0,15950.8
Bi,L 1 N 6,16224.1,16226
Bi,L 1 N 7,16229.3,16226
Bi,L 1 edge,16395.4,16376.0
Bi,L 2 M 1,11712.7,11712.36
Bi,L 2 M 2,12015.1,11984
Bi,L 2 M 3,12534.6,12534.48
Bi,L 2 M 4,13022.9,13023.65
Bi,L 2 M 5,13130.8,13131.1
Bi,L 2 N 1,14773.5,14773.3
Bi,L 2 N 2,14907.1,14859
Bi,L 2 N 3,15032.6,15031.8
Bi,L 2 N 4,15247.7,15247.92
Bi,L 2 N 5,15271.2,
Bi,L 2 N 6,15548.3,15552.0
Bi,L 2 N 7,15553.5,
Bi,L 2 edge,15719.65,15719.8
Bi,L 3 M 1,9420.7,9420.43
Bi,L 3 M 2,9723.0,9725.6
Bi,L 3 M 3,10242.6,10242.2
Bi,L 3 M 4,10730.8,10731.06
Bi,L 3 M 5,10838.7,10838.94
Bi,L 3 N 1,12481.4,12481.74
Bi,L 3 N 2,12615.0,12615.21
Bi,L 3 N 3,12740.6,12739.52
Bi,L 3 N 4,12955.7,12955.0
Bi,L 3 N 5,12979.2,12980.00
Bi,L 3 N 6,13256.2,13259.4
Bi,L 3 N 7,13261.5,13259.4
Bi,L 3 edge,13427.59,13426.7
Th,KL 1,89176.6,
Th,KL 2,89956.6,89957.04
Th,KL 3,93347.9,93347.38
Th,KM 1,104465.6,
Th,KM 2,104817.2,104816.53
Th,KM 3,105601.9,105601.51
Th,KM 4,106156.4,106270
Th,KM 5,106314.9,106270
Th,KN 1,108320.0,
Th,KN 2,108481.2,108509
Th,KN 3,108680.9,108718
Th,KN 4,108934.2,109082
Th,KN 5,108972.2,109082
Th,K edge,109658.2,109649.01
Th,L 1 M 1,15289.0,
Th,L 1 M 2,15640.6,15639.54
Th,L 1 M 3,16425.3,16423.855
Th,L 1 M 4,16979.8,16980.26
Th,L 1 M 5,17138.3,17138.89
Th,L 1 N 1,19143.3,19146.4
Th,L 1 N 2,19304.5,19302.987
Th,L 1 N 3,19504.3,19503.445
Th,L 1 N 4,19757.6,19756.75
Th,L 1 N 5,19795.5,19793.91
Th,L 1 N 6,20138.2,20127.0
Th,L 1 N 7,20146.2,20127.0
Th,L 1 edge,20481.6,20462.5
Th,L 2 M 1,14509.0,14510.327
Th,L 2 M 2,14860.6,14869.6
Th,L 2 M 3,15645.3,15643.1
Th,L 2 M 4,16199.8,16201.556
Th,L 2 M 5,16358.3,16358.1
Th,L 2 N 1,18363.3,18364.35
Th,L 2 N 2,18524.5,
Th,L 2 N 3,18724.2,18728.4
Th,L 2 N 4,18977.6,18978.259
Th,L 2 N 5,19015.5,19012.8
Th,L 2 N 6,19358.2,19348.00
Th,L 2 N 7,19366.2,
Th,L 2 edge,19701.59,19682.9
Th,L 3 M 1,11117.7,11118.06
Th,L 3 M 2,11469.3,11469.5
Th,L 3 M 3,12254.0,12255.98
Th,L 3 M 4,12808.5,12809.498
Th,L 3 M 5,12967.0,12967.937
Th,L 3 N 1,14972.0,14973.424
Th,L 3 N 2,15133.2,15132.2
Th,L 3 N 3,15332.9,15334.0
Th,L 3 N 4,15586.3,15586.910
Th,L 3 N 5,15624.2,15623.960
Th,L 3 N 6,15966.9,15955.85
Th,L 3 N 7,15974.8,15965.88
Th,L 3 edge,16310.27,16298.5
U,KL 1,93843.7,
U,KL 1,93842.0,
U,KL 2,94655.1,94652.78
U,KL 2,94653.1,94650.84
U,KL 3,98435.6,98433.75
U,KL 3,98433.6,98431.58
U,KM 1,110054.0,
U,KM 1,110052.1,
U,KM 2,110420.2,
U,KM 2,110418.2,110415.67
U,KM 3,111300.5,
U,KM 3,111298.5,111295.08
U,KM 4,111873.8,
U,KM 4,111871.8,112009
U,KM 5,112050.2,
U,KM 5,112048.1,112009
U,KN 1,114162.1,
U,KN 1,114160.4,
U,KN 2,114331.0,
U,KN 2,114329.2,114407
U,KN 3,114557.9,
U,KN 3,114556.2,114607
U,KN 4,114822.4,
U,KN 4,114820.7,115011
U,KN 5,114865.3,
U,KN 5,114863.6,115011
U,K edge,115609.8,
U,K edge,115608.1,115601.09
U,L 1 M 1,16210.3,
U,L 1 M 1,16210.1,
U,L 1 M 2,16576.5,
U,L 1 M 2,16576.2,16575.51
U,L 1 M 3,17456.8,
U,L 1 M 3,17456.5,17455.17
U,L 1 M 4,18030.1,
U,L 1 M 4,18029.8,18031.2
U,L 1 M 5,18206.5,
U,L 1 M 5,18206.1,18205.55
U,L 1 N 1,20318.4,
U,L 1 N 1,20318.3,
U,L 1 N 2,20487.3,
U,L 1 N 2,20487.2,20484.92
U,L 1 N 3,20714.2,
U,L 1 N 3,20714.1,20712.95
U,L 1 N 4,20978.7,
U,L 1 N 4,20978.6,20979.8
U,L 1 N 5,21021.7,
U,L 1 N 5,21021.6,21018.9
U,L 1 N 6,21369.0,
U,L 1 N 6,21368.9,
U,L 1 N 7,21378.7,
U,L 1 N 7,21378.7,
U,L 1 edge,21766.1,
U,L 1 edge,21766.1,21770.4
U,L 2 M 1,15398.9,
U,L 2 M 1,15399.0,15399.81
U,L 2 M 2,15765.1,
U,L 2 M 2,15765.1,
U,L 2 M 3,16645.4,
U,L 2 M 3,16645.3,16641.3
U,L 2 M 4,17218.7,
U,L 2 M 4,17218.7,17220.15
U,L 2 M 5,17395.0,
U,L 2 M 5,17395.0,
U,L 2 N 1,19507.0,
U,L 2 N 1,19507.2,19507.27
U,L 2 N 2,19675.9,
U,L 2 N 2,19676.1,
U,L 2 N 3,19902.8,
U,L 2 N 3,19903.0,19907.2
U,L 2 N 4,20167.3,
U,L 2 N 4,20167.5,20167.27
U,L 2 N 5,20210.2,
U,L 2 N 5,20210.5,
U,L 2 N 6,20557.5,
U,L 2 N 6,20557.8,20557.5
U,L 2 N 7,20567.3,
U,L 2 N 7,20567.5,
U,L 2 edge,20954.72,
U,L 2 edge,20954.95,20946.5
U,L 3 M 1,11618.4,
U,L 3 M 1,11618.5,11618.41
U,L 3 M 2,11984.6,
U,L 3 M 2,11984.6,11983.5
U,L 3 M 3,12864.9,
U,L 3 M 3,12864.9,12865.45
U,L 3 M 4,13438.2,
U,L 3 M 4,13438.2,13438.97
U,L 3 M 5,13614.5,
U,L 3 M 5,13614.6,13614.87
U,L 3 N 1,15726.5,
U,L 3 N 1,15726.8,15726.21
U,L 3 N 2,15895.4,
U,L 3 N 2,15895.6,15895.63
U,L 3 N 3,16122.3,
U,L 3 N 3,16122.6,16123.56
U,L 3 N 4,16386.8,
U,L 3 N 4,16387.1,16385.86
U,L 3 N 5,16429.7,
U,L 3 N 5,16430.0,16428.44
U,L 3 N 6,16777.1,
U,L 3 N 6,16777.3,16786.06
U,L 3 N 7,16786.8,
U,L 3 N 7,16787.1,16786.06
U,L 3 edge,17174.23,
U,L 3 edge,17174.51,17171.37
